molecule_chembl_id,smiles,pIC50,active,fp
CHEMBL3685304,C[C@@H](Nc1ncnc2c(C(N)=O)cccc12)c1cccc(NC(=O)c2ccc(F)c(O)c2)c1,11.0,1.0,[0 1 0 ... 0 0 0]
CHEMBL4443279,Fc1ccccc1Oc1nc(Nc2ccc(-c3nnn[nH]3)cc2)ncc1Cl,10.920818753952377,1.0,[0 0 0 ... 0 0 0]
CHEMBL4462759,COc1ccc(Oc2nc(Nc3ccc(-c4nnn[nH]4)cc3)ncc2Cl)cc1,10.920818753952377,1.0,[0 0 0 ... 0 0 0]
CHEMBL4476212,Fc1ccc(Oc2nc(Nc3ccc(-c4nnn[nH]4)cc3)ncc2Cl)cc1,10.920818753952377,1.0,[0 0 0 ... 0 0 0]
CHEMBL3675462,C[C@@H](Nc1ncnc2c(C(N)=O)cccc12)c1cccc(NC(=O)c2cc(C(C)(C)C)n[nH]2)c1,10.522878745280336,1.0,[0 1 0 ... 0 0 0]
CHEMBL3675439,CC(C)c1cc(C(=O)Nc2cccc([C@@H](C)Nc3ncnc4c(C(N)=O)cccc34)c2)[nH]n1,10.522878745280336,1.0,[0 1 0 ... 0 0 0]
CHEMBL3680540,C[C@@H](Nc1ncnc2c(C(N)=O)cccc12)c1cccc(NC(=O)C2CC2(F)F)c1,10.397940008672036,1.0,[0 1 0 ... 0 0 0]
CHEMBL3675508,COCCC(Nc1ncnc2c(C(N)=O)cccc12)c1cccc(NC(=O)c2ccc(Br)cc2)c1,10.30102999566398,1.0,[0 1 0 ... 0 0 0]
CHEMBL3680420,CC(C)c1cc(C(=O)Nc2cccc(C(C)Nc3ncnc4c(C(N)=O)cccc34)c2)[nH]n1,10.221848749616356,1.0,[0 1 0 ... 0 0 0]
CHEMBL3639841,NC(=O)c1cccc2c(NCc3cccc(NC(=O)c4ccc5c(c4)OC(F)(F)O5)c3)ncnc12,10.221848749616356,1.0,[0 0 0 ... 0 0 0]
CHEMBL3600873,O=C(O)[C@]1(Cc2cccc(Nc3nccs3)n2)CC[C@@H](Oc2cccc(Cl)c2F)CC1,10.193820026016112,1.0,[0 0 0 ... 0 0 0]
CHEMBL3951333,Cl.O=C(O)[C@]1(Cc2cccc(Nc3nccs3)n2)CC[C@@H](Oc2cccc(Cl)c2F)CC1,10.154901959985745,1.0,[0 0 0 ... 0 0 0]
CHEMBL3675437,COc1ccc(C(=O)Nc2cccc([C@@H](C)Nc3ncnc4c(C(N)=O)cccc34)c2)cn1,10.154901959985745,1.0,[0 1 0 ... 0 0 0]
CHEMBL3675509,C[C@@H](Nc1ncnc2c(C(N)=O)cccc12)c1cccc(NC(=O)c2ccc(C(F)(F)F)nc2)c1,10.154901959985745,1.0,[0 1 0 ... 0 0 0]
CHEMBL3685305,NC(=O)c1cccc2c(NCc3cccc(NC(=O)c4c(F)cc(Cl)cc4F)c3)ncnc12,10.096910013008056,1.0,[0 0 0 ... 0 0 0]
CHEMBL3685272,NC(=O)c1cccc2c(NCc3cccc(NC(=O)c4ccc(Cl)c(C(F)(F)F)c4)c3)ncnc12,10.096910013008056,1.0,[0 0 0 ... 0 0 0]
CHEMBL3675537,C[C@@H](Nc1ncnc2c(C(N)=O)cccc12)c1cccc(Nc2cc(C#N)ccn2)c1,10.096910013008056,1.0,[0 1 0 ... 0 0 0]
CHEMBL3685262,NC(=O)c1cccc2c(NCc3cccc(NC(=O)c4ccc(Cl)cc4)c3)ncnc12,10.096910013008056,1.0,[0 0 0 ... 0 0 0]
CHEMBL3675465,CC(Nc1ncnc2c(C(N)=O)cccc12)c1cccc(NC(=O)c2cc(C(C)(C)C)n[nH]2)c1,10.096910013008056,1.0,[0 1 0 ... 0 0 0]
CHEMBL3685256,NC(=O)c1cccc2c(NCc3cccc(NC(=O)C4=CCC(N5CCOCC5)C=C4)c3)ncnc12,10.096910013008056,1.0,[0 0 0 ... 0 0 0]
CHEMBL3675524,COc1ccc(C(=O)Nc2cccc(C(CCO)Nc3ncnc4c(C(N)=O)cccc34)c2)cc1,10.045757490560677,1.0,[0 1 0 ... 0 0 0]
CHEMBL3675443,CC1CC=C(C(=O)Nc2cccc(C(C)Nc3ncnc4c(C(N)=O)cccc34)c2)C=C1F,10.045757490560677,1.0,[0 1 0 ... 0 0 0]
CHEMBL3680477,COCCN(C)c1ccc(C(=O)Nc2cccc(CNc3ncnc4c(C(N)=O)cccc34)c2)cn1,10.045757490560677,1.0,[0 0 0 ... 0 0 0]
CHEMBL3685241,Cc1ccccc1C(=O)Nc1cccc(CNc2ncnc3c(C(N)=O)cccc23)c1,10.0,1.0,[0 0 0 ... 0 0 0]
CHEMBL3675484,COc1ccc(C(=O)Nc2cccc(C(C)Nc3ncnc4c(C(N)=O)cccc34)c2)cn1,10.0,1.0,[0 1 0 ... 0 0 0]
CHEMBL3685250,NC(=O)c1cccc2c(NCc3cccc(NC(=O)c4ccc(C(F)(F)F)nc4)c3)ncnc12,9.958607314841776,1.0,[0 0 0 ... 0 0 0]
CHEMBL3670470,CN(C)c1ccc(C(=O)Nc2cccc(CNc3ncnc4c(C(N)=O)cccc34)c2)cc1,9.958607314841776,1.0,[0 0 0 ... 0 0 0]
CHEMBL3685306,COc1cc(F)c(C(=O)Nc2cccc(CNc3ncnc4c(C(N)=O)cccc34)c2)c(F)c1,9.958607314841776,1.0,[0 0 0 ... 0 0 0]
CHEMBL3675457,C[C@@H](Nc1ncnc2c(C(N)=O)cccc12)c1cccc(NC(=O)c2cc(C(F)(F)F)ccc2F)c1,9.958607314841776,1.0,[0 1 0 ... 0 0 0]
CHEMBL3685237,CC(C)c1cc(C(=O)Nc2cccc(CNc3ncnc4c(C(N)=O)cccc34)c2)[nH]n1,9.920818753952377,1.0,[0 1 0 ... 0 0 0]
CHEMBL3680532,COc1ccc(C(=O)Nc2cccc(CNc3ncnc4c(C(N)=O)cccc34)c2)cc1C(F)(F)F,9.920818753952377,1.0,[0 0 0 ... 0 0 0]
CHEMBL3675446,NC(=O)c1cccc2c(NCc3cccc(NC(=O)c4ccc(Cl)cc4Cl)c3)ncnc12,9.920818753952377,1.0,[0 0 0 ... 0 0 0]
CHEMBL3685245,NC(=O)c1cccc2c(NCc3cccc(NC(=O)c4ccc(C(F)(F)F)cc4F)c3)ncnc12,9.920818753952377,1.0,[0 0 0 ... 0 0 0]
CHEMBL3680402,COc1ccc(C(=O)Nc2cc([C@@H](C)Nc3nccc4c(C(N)=O)cccc34)ccc2F)cc1F,9.920818753952377,1.0,[0 1 0 ... 0 0 0]
CHEMBL3680488,C[C@@H](Nc1ncnc2c(C(N)=O)cccc12)c1cccc(NC(=O)C2CCCC2)c1,9.920818753952377,1.0,[0 1 0 ... 0 0 0]
CHEMBL3675459,CN(C)CCC(Nc1ncnc2c(C(N)=O)cccc12)c1cccc(NC(=O)c2ccc(Br)cc2)c1,9.920818753952377,1.0,[0 1 0 ... 0 0 0]
CHEMBL3977678,Cl.O=C(O)[C@]1(Cc2cccc(Nc3nccs3)n2)CC[C@@H](Oc2cccc(Cl)c2)CC1,9.920818753952377,1.0,[0 0 0 ... 0 0 0]
CHEMBL3685307,COc1ccc(C(=O)Nc2cccc(CNc3ncnc4c(C(N)=O)cc(O)cc34)c2)cc1,9.920818753952377,1.0,[0 0 0 ... 0 0 0]
CHEMBL3897985,Cl.O=C(O)[C@]1(Cc2cccc(Nc3nccs3)n2)CC[C@@H](Oc2cccc(F)c2F)CC1,9.920818753952377,1.0,[0 0 0 ... 0 0 0]
CHEMBL3680460,COc1ccc(C(=O)Nc2cccc([C@@H](C)Nc3ncnc4c(C(N)=O)cccc34)c2)cc1F,9.886056647693165,1.0,[0 1 0 ... 0 0 0]
CHEMBL3685247,CCOc1ccc(C(=O)Nc2cccc(CNc3ncnc4c(C(N)=O)cccc34)c2)cc1,9.886056647693165,1.0,[0 0 0 ... 0 0 0]
CHEMBL3675532,CNc1cc(C(=O)Nc2cccc(CNc3ncnc4c(C(N)=O)cccc34)c2)ccn1,9.82390874094432,1.0,[0 0 0 ... 0 0 0]
CHEMBL3680542,NC(=O)c1cccc2c(NCc3cccc(Nc4ccccn4)c3)ncnc12,9.82390874094432,1.0,[0 0 0 ... 0 0 0]
CHEMBL3680543,NC(=O)c1cccc2c(NCc3cccc(Nc4cc(C(F)(F)F)ccn4)c3)ncnc12,9.82390874094432,1.0,[0 0 0 ... 0 0 0]
CHEMBL3680544,CCOC(=O)c1cnc(Nc2cccc(CNc3ncnc4c(C(N)=O)cccc34)c2)s1,9.795880017344077,1.0,[0 0 0 ... 0 0 0]
CHEMBL3675441,NC(=O)c1cccc2c(NCc3cccc(NC(=O)c4ccc(F)cc4F)c3)ncnc12,9.795880017344077,1.0,[0 0 0 ... 0 0 0]
CHEMBL3680545,COc1ccc(C(=O)Nc2cccc(C(CCCO)Nc3ncnc4c(C(N)=O)cccc34)c2)cc1,9.795880017344077,1.0,[0 1 0 ... 0 0 0]
CHEMBL3685248,NC(=O)c1cccc2c(NCc3cccc(NC(=O)C4CCCCC4)c3)ncnc12,9.795880017344077,1.0,[0 0 1 ... 0 0 0]
CHEMBL3680546,NC(=O)c1cccc2c(NCc3cccc(NC(=O)c4ccc5cc[nH]c5c4)c3)ncnc12,9.769551078621726,1.0,[0 0 0 ... 0 0 0]
CHEMBL3675425,CNCC(Nc1ccccc(C(N)=O)cncn1)c1cccc(NC(=O)c2ccc(OC(F)(F)F)cc2)c1,9.769551078621726,1.0,[0 1 0 ... 0 0 0]
CHEMBL3675403,CNCC(Nc1ncnc2c(C(N)=O)cccc12)c1cccc(NC(=O)c2ccc(Br)cc2)c1,9.769551078621726,1.0,[0 1 0 ... 0 0 0]
CHEMBL3685243,Cc1cccc(C(=O)Nc2cccc(CNc3ncnc4c(C(N)=O)cccc34)c2)c1,9.769551078621726,1.0,[0 0 0 ... 0 0 0]
CHEMBL3685252,NC(=O)c1cccc2c(NCc3cccc(NC(=O)c4cccc(Cl)c4)c3)ncnc12,9.769551078621726,1.0,[0 0 0 ... 0 0 0]
CHEMBL3680428,COCCC(Nc1ncnc2c(C(N)=O)cccc12)c1cccc(NC(=O)c2ccc(OC)cc2F)c1,9.744727494896694,1.0,[0 1 0 ... 0 0 0]
CHEMBL3685255,CN(C)CCC(Nc1ncnc2c(C(N)=O)cccc12)c1cccc(NC(=O)c2ccccc2)c1,9.744727494896694,1.0,[0 1 0 ... 0 0 0]
CHEMBL3889916,Cc1cc(Nc2cc[nH]n2)nc(C[C@]2(c3n[nH]c(=O)o3)CC[C@H](Oc3cccc(Cl)c3F)CC2)n1.O=C(O)C(F)(F)F,9.744727494896694,1.0,[0 0 0 ... 0 0 0]
CHEMBL3685308,NC(=O)C1=c2ncnc(NCc3cccc(NC(=O)c4ccc(C(F)(F)F)cc4)c3)c2=CCC1,9.744727494896694,1.0,[0 0 0 ... 0 0 0]
CHEMBL3680547,CC(Nc1ncnc2c(C(N)=O)cccc12)c1cccc(NC(=O)C2CC2(F)F)c1,9.744727494896694,1.0,[0 1 0 ... 0 0 0]
CHEMBL3680548,NC(=O)c1cccc2c(NCc3cccc(Nc4nccs4)c3)ncnc12,9.721246399047171,1.0,[0 0 0 ... 0 0 0]
CHEMBL3914249,O=c1[nH]nc([C@]2(Cc3cncc(Nc4cc[nH]n4)n3)CC[C@@H](Oc3cccc(Cl)c3F)CC2)o1,9.721246399047171,1.0,[0 0 0 ... 0 0 0]
CHEMBL3680549,NC(=O)c1cccc2c(NCc3cccc(NC(=O)c4cn[nH]c4N)c3)ncnc12,9.721246399047171,1.0,[0 0 0 ... 0 0 0]
CHEMBL3675500,CC(Nc1ncnc2c(C(N)=O)cccc12)c1cccc(NC(=O)c2cc(C(F)F)n[nH]2)c1,9.69897000433602,1.0,[0 1 0 ... 0 0 0]
CHEMBL3675491,CC(Nc1ncnc2c(C(N)=O)cccc12)c1cccc(NC(=O)c2ccc(Cl)c(F)c2)c1,9.69897000433602,1.0,[0 1 0 ... 0 0 0]
CHEMBL3675538,COCCC(Nc1ncnc2c(C(N)=O)cccc12)c1cccc(NC(=O)c2ccc(F)c(F)c2)c1,9.69897000433602,1.0,[0 1 0 ... 0 0 0]
CHEMBL2170419,O=C(O)c1ccc(Nc2ncc(F)c(Nc3ccccc3Cl)n2)cc1,9.69897000433602,1.0,[0 1 0 ... 0 0 0]
CHEMBL3680550,COCC[C@@H](Nc1ncnc2c(C(N)=O)cccc12)c1cccc(NC(=O)c2ccc(OC)cc2)c1,9.67778070526608,1.0,[0 1 0 ... 0 0 0]
CHEMBL3675483,CC(Nc1ncnc2c(C(N)=O)cccc12)c1cccc(NC(=O)c2ccc(C(F)(F)F)nc2)c1,9.67778070526608,1.0,[0 1 0 ... 0 0 0]
CHEMBL3680455,NC(=O)c1cccc2c(NCc3cccc(NC(=O)c4cc(C(F)(F)F)n[nH]4)c3)ncnc12,9.657577319177792,1.0,[0 0 0 ... 0 0 0]
CHEMBL3680552,N#Cc1ccnc(Nc2cccc(CNc3ncnc4c(C(N)=O)cccc34)c2)c1,9.657577319177792,1.0,[0 0 0 ... 0 0 0]
CHEMBL3680495,CC(C)CNc1cc(C(=O)Nc2cccc(CNc3ncnc4c(C(N)=O)cccc34)c2)ccn1,9.657577319177792,1.0,[0 1 0 ... 0 0 0]
CHEMBL3685309,NC(=O)c1cccc2c(NCc3cccc(NC(=O)c4ccccc4C(F)(F)F)c3)ncnc12,9.657577319177792,1.0,[0 0 0 ... 0 0 0]
CHEMBL3685242,CN(C)c1cccc(C(=O)Nc2cccc(CNc3ncnc4c3=CCCC=4C(N)=O)c2)c1,9.657577319177792,1.0,[0 0 0 ... 0 0 0]
CHEMBL3685287,NC(=O)c1cccc2c(NCc3ccc(F)c(NC(=O)c4ccc(OC(F)(F)F)cc4)c3)ncnc12,9.657577319177792,1.0,[0 0 0 ... 0 0 0]
CHEMBL3675463,COc1cc(C(=O)Nc2cccc([C@@H](C)Nc3ncnc4c(C(N)=O)cccc34)c2)ccn1,9.657577319177792,1.0,[0 1 0 ... 0 0 0]
CHEMBL3680551,NCc1cnc(Nc2cccc(CNc3ncnc4c(C(N)=O)cccc34)c2)s1,9.657577319177792,1.0,[0 0 0 ... 0 0 0]
CHEMBL3685277,NC(=O)c1cccc2c(NCc3cccc(NC(=O)c4cc(C5CC5)n[nH]4)c3)ncnc12,9.638272163982409,1.0,[0 0 0 ... 0 0 0]
CHEMBL3680417,NC(=O)c1cccc2c(NCc3cccc(NC(=O)c4ccc5c(c4)CCO5)c3)ncnc12,9.638272163982409,1.0,[0 0 0 ... 0 0 0]
CHEMBL3680489,CCOC(=O)c1ccc(C(=O)NC2=CCCC([C@H](C)Nc3ncnc4c(C(N)=O)cccc34)=C2)cn1,9.638272163982409,1.0,[0 1 0 ... 0 0 0]
CHEMBL3675419,CNCC(Nc1ncnc2c(C(N)=O)cccc12)c1cccc(NC(=O)c2ccc(OC)cc2)c1,9.619788758288394,1.0,[0 1 0 ... 0 0 0]
CHEMBL3680554,NC(=O)c1cccc2c(NCc3cccc(NC(=O)c4[nH]nc5c4CCCC5)c3)ncnc12,9.619788758288394,1.0,[0 0 0 ... 0 0 0]
CHEMBL3685233,C[C@@H](Nc1ncnc2c(C(N)=O)cccc12)c1cccc(NC(=O)c2ccc(-n3cccc3)cc2)c1,9.602059991327964,1.0,[0 1 0 ... 0 0 0]
CHEMBL3680416,COc1ncc(C(=O)Nc2cccc([C@@H](C)Nc3ncnc4c(C(N)=O)cccc34)c2)cn1,9.602059991327964,1.0,[0 1 0 ... 0 0 0]
CHEMBL3675417,CN(C)CC(Nc1ncnc2c(C(N)=O)cccc12)c1cccc(NC(=O)c2ccc(C(F)(F)F)cc2F)c1,9.602059991327964,1.0,[0 1 0 ... 0 0 0]
CHEMBL3680446,COc1ccc(C(=O)Nc2cccc(C(C)Nc3ncnc4c(C(N)=O)cccc34)c2)cc1F,9.602059991327964,1.0,[0 1 0 ... 0 0 0]
CHEMBL3675432,C[C@@H](Nc1ncnc2c(C(N)=O)cccc12)c1cccc(NC(=O)c2ccc(C(F)(F)F)cc2F)c1,9.602059991327964,1.0,[0 1 0 ... 0 0 0]
CHEMBL3685271,COc1ccc(C(=O)Nc2cccc(CNc3ncnc4c(C(N)=O)cc(F)cc34)c2)cc1,9.602059991327964,1.0,[0 0 0 ... 0 0 0]
CHEMBL3680555,NC(=O)c1cccc2c(NCc3cccc(NC(=O)c4cccc5cc[nH]c45)c3)ncnc12,9.585026652029182,1.0,[0 0 0 ... 0 0 0]
CHEMBL3685310,COc1ccc(C(=O)Nc2cccc(C(C)Nc3ncnc4c(C(N)=O)cc(C#N)cc34)c2)cc1F,9.585026652029182,1.0,[0 1 0 ... 0 0 0]
CHEMBL3675401,CN(C)CC(Nc1ncnc2c(C(N)=O)cccc12)c1cccc(NC(=O)c2ccc(C(F)(F)F)cc2)c1,9.585026652029182,1.0,[0 1 0 ... 0 0 0]
CHEMBL3675455,Cc1ccc(C(=O)Nc2cccc([C@@H](C)Nc3ncnc4c(C(N)=O)cccc34)c2)cc1C,9.568636235841012,1.0,[0 1 0 ... 0 0 0]
CHEMBL3675406,CN(C)CC(Nc1ncnc2c(C(N)=O)cccc12)c1cccc(NC(=O)c2ccnc(N3CCCC3)c2)c1,9.568636235841012,1.0,[0 1 0 ... 0 0 0]
CHEMBL3680403,NC(=O)c1cccc2c(NCc3cccc(NC(=O)c4ccc(Cl)c(Cl)c4)c3)ncnc12,9.537602002101044,1.0,[0 0 0 ... 0 0 0]
CHEMBL3670467,COc1ccc(C(=O)Nc2cccc(CNc3ncnc4c(C(N)=O)cccc34)c2)cc1,9.537602002101044,1.0,[0 0 0 ... 0 0 0]
CHEMBL3680556,NC(=O)c1cccc2c(NCc3cccc(NC(=O)c4ccc(-c5ncc[nH]5)cc4)c3)ncnc12,9.537602002101044,1.0,[0 0 0 ... 0 0 0]
CHEMBL3680557,Cc1cc(C(=O)Nc2cccc(CNc3ncnc4c(C(N)=O)cccc34)c2)ccc1N1CCOCC1,9.522878745280336,1.0,[0 0 0 ... 0 0 0]
CHEMBL3680430,COCCC(Nc1ncnc2c(C(N)=O)cccc12)c1cccc(NC(=O)c2cc(C3CC3)n[nH]2)c1,9.522878745280336,1.0,[0 1 0 ... 0 0 0]
CHEMBL3639743,Cc1ccc(C(=O)Nc2cccc([C@@H](C)Nc3ncnc4c(C(N)=O)cccc34)c2)cn1,9.522878745280336,1.0,[0 1 0 ... 0 0 0]
CHEMBL3680533,CC(Nc1ncnc2c(C(N)=O)cccc12)c1cccc(Nc2cc(C(F)(F)F)ccn2)c1,9.508638306165729,1.0,[0 1 0 ... 0 0 0]
CHEMBL3685266,NC(=O)c1cccc2c(NCc3cccc(NC(=O)c4c(F)cccc4F)c3)ncnc12,9.508638306165729,1.0,[0 0 0 ... 0 0 0]
CHEMBL3685257,COc1ccc(C(=O)Nc2cccc(CNc3ncnc4c(C(N)=O)cccc34)c2)cc1OC,9.508638306165729,1.0,[0 0 0 ... 0 0 0]
CHEMBL3670499,NC(=O)c1cc(O)cc2c(NCc3ccc(C(F)(F)F)cc3)ncnc12,9.494850021680094,1.0,[0 0 0 ... 0 0 0]
CHEMBL3675447,CCC(Nc1ncnc2c(C(N)=O)cccc12)c1cccc(NC(=O)c2ccc(OC)nc2)c1,9.481486060122112,1.0,[0 1 0 ... 0 0 0]
CHEMBL3685267,COc1ccc(C(=O)Nc2cc(CNc3ncnc4c(C(N)=O)cccc34)ccc2C)cc1,9.481486060122112,1.0,[0 0 0 ... 0 0 0]
CHEMBL3680559,NC(=O)c1cccc2c(NC(CCN3CCCC3)c3cccc(NC(=O)c4cc(C5CC5)n[nH]4)c3)ncnc12,9.481486060122112,1.0,[0 1 0 ... 0 0 0]
CHEMBL3675453,NC(=O)c1cccc2c(NCc3cccc(NC(=O)c4cncc(N5CCCC5)c4)c3)ncnc12,9.468521082957745,1.0,[0 0 0 ... 0 0 0]
CHEMBL3675427,CNCC(Nc1ncnc2c(C(N)=O)cccc12)c1cccc(NC(=O)c2ccc(OC)cc2F)c1,9.468521082957745,1.0,[0 1 0 ... 0 0 0]
CHEMBL3675499,Cc1ncc(C(=O)Nc2cccc([C@@H](C)Nc3ncnc4c(C(N)=O)cccc34)c2)s1,9.455931955649724,1.0,[0 1 0 ... 0 0 0]
CHEMBL3680442,CC(Nc1ncnc2c(C(N)=O)cccc12)c1cccc(NC(=O)c2cccn2C)c1,9.443697499232712,1.0,[0 1 0 ... 0 0 0]
CHEMBL3680560,NC(=O)c1cccc2c(NCc3cccc(NC(=O)c4cc5cc(Cl)ccc5[nH]4)c3)ncnc12,9.431798275933003,1.0,[0 0 0 ... 0 0 0]
CHEMBL3680447,CCN(CC)c1ccc(C(=O)Nc2cccc(C(C)Nc3ncnc4c(C(N)=O)cccc34)c2)cc1,9.431798275933003,1.0,[0 1 0 ... 0 0 1]
CHEMBL3685259,COc1ccccc1C(=O)Nc1cccc(CNc2ncnc3c(C(N)=O)cccc23)c1,9.431798275933003,1.0,[0 0 0 ... 0 0 0]
CHEMBL3680520,COCCC(Nc1ncnc2c(C(N)=O)cccc12)c1cccc(NC(=O)c2ccc(OC)c(F)c2)c1,9.431798275933003,1.0,[0 1 0 ... 0 0 0]
CHEMBL3675353,NC(=O)c1cccc2c(NCc3ccc4c(c3)OCO4)ncnc12,9.431798275933003,1.0,[0 0 0 ... 0 0 0]
CHEMBL3639792,COCCC(Nc1ncnc2c(C(N)=O)cccc12)c1cccc(NC(=O)c2ccccc2)c1,9.42021640338319,1.0,[0 1 0 ... 0 0 0]
CHEMBL3680466,CC(NC1=NC=NC2C(C(N)=O)=CCC=C12)c1cccc(NC(=O)c2ccc(N3CCOCC3)cc2)c1,9.42021640338319,1.0,[0 1 0 ... 0 0 0]
CHEMBL3675470,Cc1cc(C(=O)Nc2cccc([C@@H](C)Nc3ncnc4c(C(N)=O)cccc34)c2)ccc1Cl,9.42021640338319,1.0,[0 1 0 ... 0 0 0]
CHEMBL3670474,NC(=O)c1cccc2c(NCc3cccc(NC(=O)c4ccc(SC(F)(F)F)cc4)c3)ncnc12,9.4089353929735,1.0,[0 0 0 ... 0 0 0]
CHEMBL3675475,COCC(Nc1ncnc2c(C(N)=O)cccc12)c1cccc(NC(=O)c2ccccc2)c1,9.4089353929735,1.0,[0 1 0 ... 0 0 0]
CHEMBL3685234,Cc1ccnc(Nc2cccc(C(C)Nc3ncnc4c(C(N)=O)cccc34)c2)c1,9.4089353929735,1.0,[0 1 0 ... 0 0 0]
CHEMBL3966216,O=c1[nH]nc([C@]2(Cc3cccc(Nc4cc[nH]n4)n3)CC[C@@H](Oc3cccc(Cl)c3F)CC2)o1,9.4089353929735,1.0,[0 0 0 ... 0 0 0]
CHEMBL3692210,Cc1cc(Nc2nc(CC3(C(=O)O)CCN(C(=O)c4cccc(Cl)c4F)CC3)ccc2F)n[nH]1,9.397940008672036,1.0,[0 0 0 ... 0 0 0]
CHEMBL3680454,CN(C)CCNC(=O)CC(Nc1ncnc2c(C(N)=O)cccc12)c1cccc(NC(=O)c2ccc(Br)cc2)c1,9.397940008672036,1.0,[0 1 0 ... 0 0 0]
CHEMBL3675469,COCCC(Nc1ncnc2c(C(N)=O)cccc12)c1cccc(NC(=O)c2c(F)cccc2F)c1,9.397940008672036,1.0,[0 1 0 ... 0 0 0]
CHEMBL3670476,COc1cc(C(N)=O)c2ncnc(NCc3cccc(NC(=O)c4ccc(F)cc4)c3)c2c1,9.397940008672036,1.0,[0 0 0 ... 0 0 0]
CHEMBL3692206,Cc1cc(Nc2nc(CC3(C(=O)O)CCN(C(=O)c4cccc(Cl)c4Cl)CC3)ccc2F)n[nH]1,9.397940008672036,1.0,[0 0 0 ... 0 0 0]
CHEMBL3685293,NC(=O)c1cccc2c(NCc3cccc(NC(=O)c4ccc(N5CCCCC5)nc4)c3)ncnc12,9.397940008672036,1.0,[0 0 1 ... 0 0 0]
CHEMBL3692209,Cc1cc(Nc2nc(CC3(C(=O)O)CCN(C(=O)c4cccc(Cl)c4F)CC3)ccc2Cl)n[nH]1,9.397940008672036,1.0,[0 0 0 ... 0 0 0]
CHEMBL3680485,C[C@@H](Nc1ncnc2c(C(N)=O)cccc12)c1cccc(NC(=O)c2ccc(C(F)(F)F)c(F)c2)c1,9.387216143280265,1.0,[0 1 0 ... 0 0 0]
CHEMBL3680499,COCCC(Nc1ncnc2c(C(N)=O)cccc12)c1cccc(NC(=O)c2ccc(OC)cc2)c1,9.3767507096021,1.0,[0 1 0 ... 0 0 0]
CHEMBL3680395,CN(C)CCC(Nc1ncnc2c(C(N)=O)cccc12)c1cccc(NC(=O)c2ccc(OC(F)(F)F)cc2)c1,9.3767507096021,1.0,[0 1 0 ... 0 0 0]
CHEMBL4516559,Cc1cnc(Nc2ccc(-c3nnn[nH]3)cc2)nc1OC(C)C,9.3585258894959,1.0,[0 1 0 ... 0 0 0]
CHEMBL3675398,CNCC(Nc1ncnc2c(C(N)=O)cccc12)c1cccc(NC(=O)c2ccc(F)c(F)c2)c1,9.356547323513812,1.0,[0 1 0 ... 0 0 0]
CHEMBL3939277,Fc1c(Cl)cccc1O[C@H]1CC[C@](Cc2cccc(Nc3cc[nH]n3)n2)(c2nn[nH]n2)CC1.O=C(O)C(F)(F)F,9.346787486224656,1.0,[0 0 0 ... 0 0 0]
CHEMBL3675486,CC(Nc1ncnc2c(C(N)=O)cccc12)c1cccc(NC(=O)c2ccc(C#N)c(F)c2)c1,9.337242168318426,1.0,[0 1 0 ... 0 0 0]
CHEMBL3680561,NC(=O)c1cccc2c(NCc3cccc(NC(=O)c4ccc5[nH]ccc5c4)c3)ncnc12,9.337242168318426,1.0,[0 0 0 ... 0 0 0]
CHEMBL3685281,CCC(Nc1ncnc2c(C(N)=O)cccc12)c1cccc(NC(=O)c2ccc(OC)c(F)c2)c1,9.337242168318426,1.0,[0 1 0 ... 0 0 0]
CHEMBL3680480,CCOc1cc(C(=O)Nc2cccc(C(C)Nc3ncnc4c(C(N)=O)cccc34)c2)ccn1,9.327902142064282,1.0,[0 1 0 ... 0 0 0]
CHEMBL3685240,Cc1cc(C(=O)Nc2cccc(CNc3ncnc4c(C(N)=O)cccc34)c2)[nH]n1,9.327902142064282,1.0,[0 0 0 ... 0 0 0]
CHEMBL3680530,CC(C)CNc1ccc(C(=O)Nc2cccc(CNc3ncnc4c(C(N)=O)cccc34)c2)cn1,9.318758762624412,1.0,[0 1 0 ... 0 0 0]
CHEMBL3680529,NC(=O)c1cccc2c(NCc3cccc(NC(=O)c4ccc(N5CCOCC5)nc4)c3)ncnc12,9.318758762624412,1.0,[0 0 0 ... 0 0 0]
CHEMBL3680562,NC(=O)c1cccc2c(NC(CCO)c3cccc(NC(=O)C4CC4(F)F)c3)ncnc12,9.309803919971486,1.0,[0 1 0 ... 0 0 0]
CHEMBL1643135,O=C(c1cccc(Cl)c1Cl)N1CCN(Cc2cccc(Nc3nccs3)c2)CC1,9.30102999566398,1.0,[0 0 0 ... 0 0 0]
CHEMBL3692215,Cc1cc(Nc2nc(CC3(c4ncon4)CCN(C(=O)c4cccc(Cl)c4F)CC3)ccc2F)n[nH]1,9.30102999566398,1.0,[0 0 0 ... 0 0 0]
CHEMBL3692207,Cc1cc(Nc2nc(CC3(C(=O)O)CCN(C(=O)c4cccc(C(F)(F)F)c4F)CC3)ccc2F)n[nH]1,9.30102999566398,1.0,[0 0 0 ... 0 0 0]
CHEMBL3670471,NC(=O)c1cccc2c(NCc3cccc(NC(=O)c4ccc5c(c4)OCO5)c3)ncnc12,9.292429823902063,1.0,[0 0 0 ... 0 0 0]
CHEMBL3680563,COc1cnc(C(=O)Nc2cccc([C@@H](C)Nc3ncnc4c(C(N)=O)cccc34)c2)cn1,9.292429823902063,1.0,[0 1 0 ... 0 0 0]
CHEMBL3675450,COCCC(Nc1ncnc2c(C(N)=O)cccc12)C1=CCCC(NC(=O)c2ccc(F)cc2F)=C1,9.2839966563652,1.0,[0 1 0 ... 0 0 0]
CHEMBL3680564,NC(=O)c1cccc2c(NCc3cccc(NC(=O)c4ccc5c(c4)OCCO5)c3)ncnc12,9.275724130399212,1.0,[0 0 0 ... 0 0 0]
CHEMBL3680491,CC(Nc1ncnc2c(C(N)=O)cccc12)c1cccc(NC(=O)c2ccc(OC(F)(F)F)cc2)c1,9.275724130399212,1.0,[0 1 0 ... 0 0 0]
CHEMBL3680436,COc1cc(C(=O)NC2=CCCC(C(C)Nc3ncnc4c(C(N)=O)cccc34)=C2)ccn1,9.275724130399212,1.0,[0 1 0 ... 0 0 0]
CHEMBL3685251,NC(=O)c1cccc2c(NCc3cccc(NC(=O)c4cccc(Br)c4)c3)ncnc12,9.267606240177033,1.0,[0 0 0 ... 0 0 0]
CHEMBL3680565,NC(=O)c1cccc2c(NC(CCN3CCCCC3)c3cccc(NC(=O)c4cc(C5CC5)n[nH]4)c3)ncnc12,9.267606240177033,1.0,[0 1 1 ... 0 0 0]
CHEMBL3685303,COCC(Nc1ncnc2c(C(N)=O)cccc12)c1cccc(NC(=O)c2ccc(Br)cc2)c1,9.259637310505756,1.0,[0 1 0 ... 0 0 0]
CHEMBL3680462,CC(Nc1ncnc2c(C(N)=O)cccc12)c1cccc(NC(=O)c2ccoc2)c1,9.2518119729938,1.0,[0 1 0 ... 0 0 0]
CHEMBL3680566,Cn1ccc2cc(C(=O)Nc3cccc(CNc4ncnc5c(C(N)=O)cccc45)c3)ccc21,9.2518119729938,1.0,[0 0 0 ... 0 0 0]
CHEMBL3675517,Cc1ccc(C(=O)Nc2cccc([C@@H](C)Nc3ncnc4c(C(N)=O)cccc34)c2)cc1Cl,9.2518119729938,1.0,[0 1 0 ... 0 0 0]
CHEMBL3680508,NC(=O)c1cccc2c(NCc3ccc(NC(=O)c4cc(C(F)(F)F)n[nH]4)cc3)ncnc12,9.244125144327509,1.0,[0 0 0 ... 0 0 0]
CHEMBL3680567,COc1ccc(C(=O)Nc2cccc(CNc3ncnc4c(C(N)=O)cc(CO)cc34)c2)cc1,9.236572006437065,1.0,[0 0 0 ... 0 0 0]
CHEMBL3675404,CN(C)CC(Nc1ncnc2c(C(N)=O)cccc12)c1cccc(NC(=O)c2ccc(Br)cc2)c1,9.236572006437065,1.0,[0 1 0 ... 0 0 0]
CHEMBL3675518,NC(=O)c1cccc2c(NC(CCN3CCC3)c3cccc(NC(=O)c4ccc(Br)cc4)c3)ncnc12,9.236572006437065,1.0,[0 1 0 ... 0 0 0]
CHEMBL3393498,CCOC(=O)c1[nH]cc2c1NC1=C(C(=O)CCC1)[C@H]2c1cccc(Oc2nc3ccccc3[nH]2)c1,9.221848749616356,1.0,[0 0 0 ... 0 0 0]
CHEMBL3680568,CCOC(=O)Nc1cccc([C@@H](C)Nc2ncnc3c(C(N)=O)cccc23)c1,9.221848749616356,1.0,[0 1 0 ... 0 0 0]
CHEMBL3692208,COc1ccc(CC2(C(=O)O)CCN(C(=O)c3cccc(Cl)c3F)CC2)nc1Nc1cc(C)[nH]n1,9.221848749616356,1.0,[0 0 0 ... 0 0 0]
CHEMBL1643136,O=C(O)c1cccc(Nc2ncc3ccn(C4CCCCC4)c3n2)c1,9.221848749616356,1.0,[0 0 1 ... 0 0 0]
CHEMBL3680519,CC(Nc1ncnc2c(C(N)=O)cc(F)cc12)c1cccc(NC(=O)c2ccc(C(F)(F)F)nc2)c1,9.214670164989233,1.0,[0 1 0 ... 0 0 0]
CHEMBL3680443,NC(=O)c1cccc2c(NC(CCN3CCCC3)c3cccc(NC(=O)c4ccc(F)c(F)c4)c3)ncnc12,9.214670164989233,1.0,[0 1 0 ... 0 0 0]
CHEMBL3675410,CN(C)CC(Nc1ncnc2c(C(N)=O)cccc12)c1cccc(NC(=O)c2ccnc(N3CCCCC3)c2)c1,9.214670164989233,1.0,[0 1 1 ... 0 0 0]
CHEMBL3675448,CNCC(Nc1ncnc2c1=CCCC=2C(N)=O)c1cccc(NC(=O)c2ccc(C(F)(F)F)cc2)c1,9.207608310501746,1.0,[0 1 0 ... 0 0 0]
CHEMBL3670479,CCOc1cc(C(N)=O)c2ncnc(NCc3cccc(NC(=O)c4ccc(F)cc4)c3)c2c1,9.200659450546418,1.0,[0 0 0 ... 0 0 0]
CHEMBL3675511,COCCC(Nc1ncnc2c(C(N)=O)cccc12)C1=CCCC(NC(=O)c2cc(F)ccc2F)=C1,9.200659450546418,1.0,[0 1 0 ... 0 0 0]
CHEMBL3685261,N#Cc1ccc(C(=O)Nc2cccc(CNc3ncnc4c(C(N)=O)cccc34)c2)cc1,9.200659450546418,1.0,[0 0 0 ... 0 0 0]
CHEMBL3670468,NC(=O)c1cccc2c(NCc3cccc(NC(=O)c4ccc(Br)cc4)c3)ncnc12,9.187086643357144,1.0,[0 0 0 ... 0 0 0]
CHEMBL3685249,CC(=O)Nc1ccc(C(=O)Nc2cccc(CNc3ncnc4c(C(N)=O)cccc34)c2)cc1,9.187086643357144,1.0,[0 0 0 ... 0 0 0]
CHEMBL3670439,C[C@@H](Nc1ncnc2c(C(N)=O)cccc12)c1cccc2ccccc12,9.18045606445813,1.0,[0 1 0 ... 0 0 0]
CHEMBL3680444,COc1ccc(C(=O)Nc2cccc(CNc3ncnc4c(C(N)=O)cccc34)c2)cn1,9.18045606445813,1.0,[0 0 0 ... 0 0 0]
CHEMBL3675422,COc1ccc(C(=O)Nc2cccc(C(CN(C)C)Nc3ncnc4c(C(N)=O)cccc34)c2)cc1,9.173925197299171,1.0,[0 1 0 ... 0 0 0]
CHEMBL3680387,CN(CCO)c1ccc(C(=O)Nc2cccc(CNc3ncnc4c(C(N)=O)cccc34)c2)cn1,9.161150909262744,1.0,[0 0 0 ... 0 0 0]
CHEMBL3680500,CNc1ccc(C(=O)Nc2cccc(CNc3ncnc4c(C(N)=O)cccc34)c2)cn1,9.161150909262744,1.0,[0 0 0 ... 0 0 0]
CHEMBL3692214,Cc1cc(Nc2nc(CC3(c4noc(C)n4)CCN(C(=O)c4cccc(Cl)c4F)CC3)ccc2F)n[nH]1,9.154901959985745,1.0,[0 0 0 ... 0 0 0]
CHEMBL3692216,Cc1cc(Nc2nc(CC3(c4nnc(C)o4)CCN(C(=O)c4cccc(Cl)c4F)CC3)ccc2F)n[nH]1,9.154901959985745,1.0,[0 0 0 ... 0 0 0]
CHEMBL3685258,NC(=O)c1cccc2c(NCc3cccc(NC(=O)c4cccc(OC(F)(F)F)c4)c3)ncnc12,9.142667503568733,1.0,[0 0 0 ... 0 0 0]
CHEMBL3680569,NC(=O)c1cccc2c(NCc3cccc(NC(=O)c4cccc5[nH]ccc45)c3)ncnc12,9.142667503568733,1.0,[0 0 0 ... 0 0 0]
CHEMBL3680527,C[C@@H](Nc1ncnc2c(C(N)=O)cccc12)c1cccc(NC(=O)N2CCC(F)(F)C2)c1,9.142667503568733,1.0,[0 1 0 ... 0 0 0]
CHEMBL3675490,Cc1nc(C)c(C(=O)Nc2cccc([C@@H](C)Nc3ncnc4c(C(N)=O)cccc34)c2)s1,9.136677139879543,1.0,[0 1 0 ... 0 0 0]
CHEMBL3680522,COc1ccc(C(=O)Nc2cccc(CNc3ccnc4c(C(N)=O)cccc34)c2)cc1F,9.136677139879543,1.0,[0 0 0 ... 0 0 0]
CHEMBL3675506,NC(=O)c1cccc2c(NCc3ccc(F)c(NC(=O)c4ccc(Br)cc4)c3)ncnc12,9.136677139879543,1.0,[0 0 0 ... 0 0 0]
CHEMBL3675412,CNCC(Nc1ncnc2c(C(N)=O)cccc12)c1cccc(NC(=O)c2ccccc2)c1,9.130768280269024,1.0,[0 1 0 ... 0 0 0]
CHEMBL2170601,O=C(O)c1ccc(Nc2nccc(Nc3ccccc3Cl)n2)cc1,9.130768280269024,1.0,[0 1 0 ... 0 0 0]
CHEMBL3680570,C[C@@H](Nc1ncnc2c(C(N)=O)cccc12)c1cccc(NC(=O)C2CC2(C)C)c1,9.1249387366083,1.0,[0 1 0 ... 0 0 0]
CHEMBL3675402,CN(C)CC(Nc1ncnc2c(C(N)=O)cccc12)c1cccc(NC(=O)c2ccccc2F)c1,9.119186407719209,1.0,[0 1 0 ... 0 0 0]
CHEMBL3685288,COc1ccc(C(=O)Nc2cccc(C(CCN3CCCC3)Nc3ncnc4c(C(N)=O)cccc34)c2)cc1,9.113509274827518,1.0,[0 1 0 ... 0 0 0]
CHEMBL3680509,COc1ccc(C(=O)Nc2cccc(CNc3ncnc4c(C(N)=O)cccc34)c2)c(OC)c1,9.113509274827518,1.0,[0 0 0 ... 0 0 0]
CHEMBL3685291,COc1ccc(C(=O)Nc2cccc([C@@H](CCN3CCCC3)Nc3ncnc4c(C(N)=O)cccc34)c2)cc1,9.10790539730952,1.0,[0 1 0 ... 0 0 0]
CHEMBL3680504,CC(C)c1csc(C(=O)Nc2cccc([C@@H](C)Nc3ncnc4c(C(N)=O)cccc34)c2)n1,9.10790539730952,1.0,[0 1 0 ... 0 0 0]
CHEMBL4434792,O=C(O)c1ccc(Nc2ncc(F)c(Nc3ccccc3F)n2)cc1,9.096910013008056,1.0,[0 0 0 ... 0 0 0]
CHEMBL427212,COc1cc2c(Nc3cnc(NC(=O)c4ccccc4)nc3)ncnc2cc1OC[C@@H](O)CN1CCCCC1,9.096910013008056,1.0,[0 1 1 ... 0 0 0]
CHEMBL4289017,CC(=O)NCC(=O)N1[C@@H]2CC[C@H]1c1ccc(Nc3ncc(C(F)(F)F)c(NC4CCC4)n3)cc12,9.096910013008056,1.0,[0 0 0 ... 0 0 0]
CHEMBL3692217,Cc1noc(C2(Cc3ccc(F)c(Nc4cc(C)[nH]n4)n3)CCN(C(=O)c3cccc(Cl)c3F)CC2)n1,9.096910013008056,1.0,[0 0 0 ... 0 0 1]
CHEMBL3680476,COc1ccc(C(=O)Nc2cccc(C(CCN(C)C)Nc3ncnc4c(C(N)=O)cccc34)c2)cc1,9.09151498112135,1.0,[0 1 0 ... 0 0 0]
CHEMBL3894185,CC(=O)N[C@]1(Cc2cccc(Nc3nccs3)n2)CC[C@@H](Oc2cccc(Cl)c2F)CC1,9.086186147616283,1.0,[0 0 0 ... 0 0 0]
CHEMBL3685290,COc1ccc(C(=O)Nc2cccc(C(C)Nc3ncnc4c(C(N)=O)cc(F)cc34)c2)cc1F,9.080921907623926,1.0,[0 1 0 ... 0 0 0]
CHEMBL3680571,NC(=O)c1cccc2c(NCc3cccc(NC(=O)c4ccc(CO)cc4)c3)ncnc12,9.080921907623926,1.0,[0 0 0 ... 0 0 0]
CHEMBL3675420,CN(C)CC(Nc1ncnc2c(C(N)=O)cccc12)c1cccc(NC(=O)c2cncc(N3CCCC3)c2)c1,9.075720713938118,1.0,[0 1 0 ... 0 0 0]
CHEMBL3680572,Cc1ccnc(Nc2cccc(CNc3ncnc4c(C(N)=O)cccc34)c2)c1,9.070581074285707,1.0,[0 0 0 ... 0 0 0]
CHEMBL3675501,Cc1ccc(C(=O)Nc2cccc(C(C)Nc3ncnc4c(C(N)=O)cccc34)c2)cn1,9.070581074285707,1.0,[0 1 0 ... 0 0 0]
CHEMBL3680575,CC(Nc1ncnc2c(C(N)=O)cccc12)c1cccc(NC(=O)C2(C(F)(F)F)CC2)c1,9.065501548756432,1.0,[0 1 0 ... 0 0 0]
CHEMBL3680574,CC(Nc1ncnc2c(C(N)=O)cccc12)c1cccc(NC(=O)C2CC(F)(F)C2)c1,9.065501548756432,1.0,[0 1 0 ... 0 0 0]
CHEMBL3670427,NC(=O)c1cccc2c(NCc3cc(F)cc(F)c3)ncnc12,9.065501548756432,1.0,[0 0 0 ... 0 0 0]
CHEMBL3680573,Cc1ccc(C(=O)Nc2cccc(C(C)Nc3ncnc4c(C(N)=O)cc(Cl)cc34)c2)cn1,9.065501548756432,1.0,[0 1 0 ... 0 0 0]
CHEMBL3946400,Cc1nnc([C@]2(Cc3cccc(Nc4cc[nH]n4)n3)CC[C@@H](Oc3cccc(Cl)c3F)CC2)o1,9.060480747381382,1.0,[0 0 0 ... 0 0 0]
CHEMBL3680576,C[C@@H](Nc1ncnc2c(C(N)=O)cccc12)c1cccc(NC(=O)c2cnc(C(F)(F)F)cn2)c1,9.05551732784983,1.0,[0 1 0 ... 0 0 0]
CHEMBL3680464,NC(=O)c1cccc2c(NCc3cccc(NC(=O)c4ccnc(N5CCCCC5)c4)c3)ncnc12,9.050609993355089,1.0,[0 0 1 ... 0 0 0]
CHEMBL3692212,Cc1cc(Nc2nc(CC3(C(=O)NC4CC4)CCN(C(=O)c4cccc(Cl)c4F)CC3)ccc2F)n[nH]1,9.045757490560677,1.0,[0 0 0 ... 0 0 0]
CHEMBL1643138,O=C(c1cccc(C(F)(F)F)c1F)N1CCN(Cc2cccc(Nc3cc[nH]n3)n2)CC1,9.045757490560677,1.0,[0 0 0 ... 0 0 0]
CHEMBL3692211,CNC(=O)C1(Cc2ccc(F)c(Nc3cc(C)[nH]n3)n2)CCN(C(=O)c2cccc(Cl)c2F)CC1,9.045757490560677,1.0,[0 0 0 ... 0 0 0]
CHEMBL3680388,CC(Nc1ncnc2c(C(N)=O)cccc12)c1cccc(NC(=O)c2ccccc2)c1,9.040958607678906,1.0,[0 1 0 ... 0 0 0]
CHEMBL3685264,NC(=O)c1cccc2c(NCc3cccc(NC(=O)c4ccccc4OCCO)c3)ncnc12,9.040958607678906,1.0,[0 0 0 ... 0 0 0]
CHEMBL3680437,COc1cc(C(=O)Nc2cccc(CNc3ncnc4c(C(N)=O)cccc34)c2)ccn1,9.031517051446064,1.0,[0 0 0 ... 0 0 0]
CHEMBL3675512,CC(Nc1ncnc2c(C(N)=O)cccc12)c1cccc(NC(=O)c2cccc(F)c2)c1,9.0268721464003,1.0,[0 1 0 ... 0 0 0]
CHEMBL3680389,Cc1occc1C(=O)Nc1cccc(C(C)Nc2ncnc3c(C(N)=O)cccc23)c1,9.0268721464003,1.0,[0 1 0 ... 0 0 0]
CHEMBL3675519,COCC(Nc1ncnc2c(C(N)=O)cccc12)c1cccc(NC(=O)c2ccc(OC)cc2)c1,9.013228265733757,1.0,[0 1 0 ... 0 0 0]
CHEMBL3670497,CN(C)c1ccc(C(=O)Nc2cccc(CNc3ncnc4c(C(N)=O)cccc34)c2)cn1,9.013228265733757,1.0,[0 0 0 ... 0 0 0]
CHEMBL3675444,CC(Nc1ncnc2c(C(N)=O)cccc12)c1cccc(NC(=O)c2ccc(F)c(O)c2)c1,9.013228265733757,1.0,[0 1 0 ... 0 0 0]
CHEMBL3680406,COCCC(Nc1ncnc2c(C(N)=O)cccc12)C1=CCCC(NC(=O)c2ccccc2F)=C1,9.00436480540245,1.0,[0 1 0 ... 0 0 0]
CHEMBL3692213,Cc1cc(Nc2nc(CC3(C(=O)N4CCC4)CCN(C(=O)c4cccc(Cl)c4F)CC3)ccc2F)n[nH]1,9.0,1.0,[0 0 0 ... 0 0 0]
CHEMBL3680577,N#CCc1ccc(Nc2cccc(CNc3ncnc4c(C(N)=O)cccc34)c2)nc1,9.0,1.0,[0 0 0 ... 0 0 0]
CHEMBL2163404,Cc1cc(Nc2nc(Sc3ccc(NC(=O)CN4CC[C@@H](C(=O)N5CCC(F)(F)C5)C4)cc3)nn3cccc23)n[nH]1,9.0,1.0,[0 0 0 ... 1 0 0]
CHEMBL3964452,O=c1[nH]nc([C@]2(Cc3cccc(Nc4cc[nH]n4)n3)CC[C@@H](Oc3cccc(C(F)(F)F)c3F)CC2)o1,9.0,1.0,[0 0 0 ... 0 0 0]
CHEMBL3680390,NC(=O)C1=c2ncnc(NC(CCN3CCCC3)c3cccc(NC(=O)c4ccc(Br)cc4)c3)c2=CCC1,9.0,1.0,[0 1 0 ... 0 0 0]
CHEMBL3680578,NC(=O)c1cccc2c(NCc3cccc(NC(=O)c4ccc5nc[nH]c5c4)c3)ncnc12,9.0,1.0,[0 0 0 ... 0 0 0]
CHEMBL3897011,CCc1[nH]cc2c1NC1=C(C(=O)CCC1)[C@H]2c1cccc(Oc2nc3ccccc3[nH]2)c1,9.0,1.0,[0 0 0 ... 0 0 0]
CHEMBL4228587,CC(=O)Nc1ccc(Sc2nc(Nc3cc(C)[nH]n3)cc(N3CCN(C)CC3)n2)cc1,9.0,1.0,[0 0 0 ... 0 0 0]
CHEMBL3675413,CNCC(Nc1ncnc2c(C(N)=O)cccc12)c1cccc(NC(=O)c2c(F)cccc2F)c1,9.0,1.0,[0 1 0 ... 0 0 0]
CHEMBL3680418,CN(C)CCC(Nc1ncnc2c(C(N)=O)cccc12)C1=CCCC(NC(=O)c2c(F)cccc2F)=C1,8.958607314841775,1.0,[0 1 1 ... 0 0 0]
CHEMBL3675416,CNCC(Nc1ncnc2c(C(N)=O)cccc12)c1cccc(NC(=O)c2ccc(OC)c(F)c2)c1,8.958607314841775,1.0,[0 1 0 ... 0 0 0]
CHEMBL3680404,NC(=O)c1cccc2c(NCc3cccc(NC(=O)c4ccnc(N5CCOCC5)c4)c3)ncnc12,8.958607314841775,1.0,[0 0 0 ... 0 0 0]
CHEMBL3675487,CCC(Nc1ncnc2c(C(N)=O)cccc12)c1cccc(NC(=O)c2ccc(C(F)(F)F)nc2)c1,8.958607314841775,1.0,[0 1 0 ... 0 0 0]
CHEMBL3680579,CCC(C)C(=O)Nc1cccc([C@@H](C)Nc2ncnc3c(C(N)=O)cccc23)c1,8.958607314841775,1.0,[0 1 0 ... 0 0 0]
CHEMBL3670425,NC(=O)c1cccc2c(NCc3cccc(NC(=O)Nc4cccc(F)c4)c3)ncnc12,8.958607314841775,1.0,[0 0 0 ... 0 0 0]
CHEMBL3675428,CC1CCCN1c1cc(C(=O)Nc2cccc(C(CN(C)C)Nc3ncnc4c(C(N)=O)cccc34)c2)ccn1,8.958607314841775,1.0,[0 1 0 ... 0 0 0]
CHEMBL3675520,CC(Nc1ncnc2c(C(N)=O)cccc12)c1cccc(NC(=O)c2ccc3c(c2)OCCO3)c1,8.958607314841775,1.0,[0 1 0 ... 0 0 0]
CHEMBL3670473,NC(=O)c1cccc2c(NCc3cccc(NC(=O)c4ccc(F)c(F)c4)c3)ncnc12,8.958607314841775,1.0,[0 0 0 ... 0 0 0]
CHEMBL3670412,NCC(Nc1ncnc2c(C(N)=O)cccc12)c1cccc(NC(=O)c2ccc(F)cc2)c1,8.920818753952375,1.0,[0 1 0 ... 0 0 0]
CHEMBL3675492,COCCC(Nc1ncnc2c(C(N)=O)cccc12)c1cccc(NC(=O)c2cccc(F)c2F)c1,8.920818753952375,1.0,[0 1 0 ... 0 0 0]
CHEMBL1213109,CCCCN(C)c1nc(NCCc2ccccc2OC)nc(NCCc2c[nH]c3ncccc23)n1,8.920818753952375,1.0,[0 0 0 ... 0 0 0]
CHEMBL3680490,C[C@@H](Nc1ncnc2c(C(N)=O)cccc12)c1cccc(NC(=O)c2cncnc2)c1,8.920818753952375,1.0,[0 1 0 ... 0 0 0]
CHEMBL3962025,COc1ccc(C(=O)Nc2cccc(CNc3ncnc4c(C(N)=O)cc(C(O)CO)cc34)c2)cc1,8.920818753952375,1.0,[0 1 0 ... 0 0 0]
CHEMBL3680580,NC(=O)c1cccc2c(NC(CCN3CCNCC3)c3cccc(NC(=O)c4cc(C5CC5)n[nH]4)c3)ncnc12,8.920818753952375,1.0,[0 1 0 ... 0 0 0]
CHEMBL484006,CCC(=O)Nc1ccc(Sc2nc(Nc3cc(C)[nH]n3)cc(N3CCN(C(C)(C)C)CC3)n2)cc1,8.886056647693163,1.0,[0 0 0 ... 0 0 0]
CHEMBL3680581,CN1CCN(CCC(Nc2ncnc3c(C(N)=O)cccc23)c2cccc(NC(=O)c3cc(C4CC4)n[nH]3)c2)CC1,8.886056647693163,1.0,[0 1 0 ... 0 0 0]
CHEMBL3675431,COc1ccc(C(=O)Nc2cccc(C(CN(C)C)Nc3ncnc4c3=CCCC=4C(N)=O)c2)cc1F,8.886056647693163,1.0,[0 1 0 ... 0 0 0]
CHEMBL3986649,CN(C)C(=O)[C@]1(Cc2cccc(Nc3cc[nH]n3)n2)CC[C@@H](Oc2cccc(Cl)c2F)CC1,8.886056647693163,1.0,[0 0 0 ... 0 0 0]
CHEMBL3680486,CCn1nc(C(=O)Nc2ccccc2)cc1C,8.886056647693163,1.0,[0 0 0 ... 0 0 0]
CHEMBL3685236,C[C@@H](Nc1ncnc2c(C(N)=O)cccc12)c1cccc(NC(=O)c2nc(C(C)(C)C)cs2)c1,8.882728704344236,1.0,[0 1 0 ... 0 0 0]
CHEMBL3934177,Cn1nc([C@]2(Cc3cccc(Nc4cc[nH]n4)n3)CC[C@@H](Oc3cccc(Cl)c3F)CC2)oc1=O,8.853871964321762,1.0,[0 0 0 ... 0 0 0]
CHEMBL3680582,NC(=O)c1cccc2c(NCc3cccc(NC(=O)c4ccc(N5CCOCC5)c(C(F)(F)F)c4)c3)ncnc12,8.853871964321762,1.0,[0 0 0 ... 0 0 0]
CHEMBL3680583,CCOC(=O)c1coc(Nc2cccc(CNc3ncnc4c(C(N)=O)cccc34)c2)n1,8.853871964321762,1.0,[0 0 0 ... 0 0 0]
CHEMBL3680391,COc1ccc(C(=O)NC2=CC(C(CCN(C)C)Nc3ncnc4c(C(N)=O)cccc34)=CCC2)c(F)c1,8.853871964321762,1.0,[0 1 0 ... 0 0 0]
CHEMBL572878,Cc1cc(Nc2cc(N3CCN(C)CC3)nc(Sc3ccc(NC(=O)C4CC4)cc3)n2)n[nH]1,8.853871964321762,1.0,[0 0 0 ... 0 0 0]
CHEMBL3680481,CS(=O)(=O)c1ccc(C(=O)Nc2cccc(CNc3ncnc4c(C(N)=O)cccc34)c2)cc1,8.853871964321762,1.0,[0 0 0 ... 0 0 0]
CHEMBL3680584,NC(=O)c1cccc2c(NCc3cccc(NC(=O)c4ccc(N5CCCCC5=O)cc4)c3)ncnc12,8.823908740944319,1.0,[0 0 0 ... 0 0 0]
CHEMBL458421,O=C(Nc1c[nH]nc1-c1nc2cc(CN3CCOCC3)ccc2[nH]1)Nc1c(F)cccc1F,8.823908740944319,1.0,[0 0 0 ... 0 0 0]
CHEMBL3680585,NC(=O)c1cccc2c(NCc3cccc(Nc4ccc(C5CCNCC5)cn4)c3)ncnc12,8.823908740944319,1.0,[0 0 0 ... 0 0 0]
CHEMBL2012415,Cn1cc(Nc2ncc3cnn([C@@H]4C[C@H]5C[C@H]5C4)c3n2)cc1C(=O)N1CCC[C@@H]1CN1CCOCC1,8.823908740944319,1.0,[0 0 0 ... 0 0 0]
CHEMBL3639693,CN(C)c1cc(C(=O)Nc2cccc(CNc3ncnc4c(C(N)=O)cccc34)c2)ccn1,8.823908740944319,1.0,[0 0 0 ... 0 0 0]
CHEMBL3936303,N#C[C@]1(Cc2cccc(Nc3cc[nH]n3)n2)CC[C@@H](Oc2cccc(Cl)c2F)CC1,8.795880017344075,1.0,[0 0 0 ... 0 0 0]
CHEMBL3685280,NC(=O)c1cccc2c(NCc3cccc(NC(=O)c4ccccc4F)c3)ncnc12,8.795880017344075,1.0,[0 0 0 ... 0 0 0]
CHEMBL3675371,NC(=O)c1cccc2c(NCc3cccc(NC(=O)Nc4ccccc4)c3)ncnc12,8.795880017344075,1.0,[0 0 0 ... 0 0 0]
CHEMBL3680586,CC(Nc1ncnc2c(C(N)=O)cccc12)C1=CC(NC(=O)C2(C(F)(F)F)CCC2)=CCC1,8.795880017344075,1.0,[0 1 0 ... 0 0 0]
CHEMBL3680474,Cc1cc(C(=O)Nc2cccc(C(C)Nc3ncnc4c(C(N)=O)cccc34)c2)c(C(F)(F)F)o1,8.795880017344075,1.0,[0 1 0 ... 0 0 0]
CHEMBL484609,CCC(=O)Nc1ccc(Sc2nc(Nc3cc(C)[nH]n3)cc(N3CCN(C)CC3)n2)cc1,8.795880017344075,1.0,[0 0 0 ... 0 0 0]
CHEMBL484951,CCC(=O)Nc1ccc(Sc2nc(Nc3cc(C)[nH]n3)cc(N3CCCCC3)n2)cc1,8.795880017344075,1.0,[0 0 1 ... 0 0 0]
CHEMBL482778,CCC(=O)Nc1ccc(Sc2nc(Nc3cc(C)[nH]n3)cc(N3CCOCC3)n2)cc1,8.769551078621726,1.0,[0 0 0 ... 0 0 0]
CHEMBL3680587,Cc1nc(-c2cccc(C(=O)Nc3cccc(CNc4ncnc5c(C(N)=O)cccc45)c3)c2)no1,8.769551078621726,1.0,[0 0 0 ... 0 0 0]
CHEMBL3675458,CN(CCO)c1cc(C(=O)Nc2cccc(CNc3ncnc4c(C(N)=O)cccc34)c2)ccn1,8.769551078621726,1.0,[0 0 0 ... 0 0 0]
CHEMBL3680588,CCC(Nc1ncnc2c(C(N)=O)cccc12)c1cccc(NC(=O)C2CC(F)(F)C2)c1,8.744727494896694,1.0,[0 1 0 ... 0 0 0]
CHEMBL3680396,NC(=O)c1cccc2c(NC(CCO)C3=CCCC(NC(=O)c4ccccc4)=C3)ncnc12,8.744727494896694,1.0,[0 1 0 ... 0 0 0]
CHEMBL3680392,NC(=O)c1cccc2c(NCc3cccc(NC(=O)c4ccnc(N5CCCC5)c4)c3)ncnc12,8.744727494896694,1.0,[0 0 0 ... 0 0 0]
CHEMBL3680590,NC(=O)c1cccc2c(NCc3cccc(NC(=O)c4cccc(N5CCOCC5)c4)c3)ncnc12,8.744727494896694,1.0,[0 0 0 ... 0 0 0]
CHEMBL3976822,NC(=O)[C@]1(Cc2cccc(Nc3cc[nH]n3)n2)CC[C@@H](Oc2cccc(Cl)c2F)CC1,8.744727494896694,1.0,[0 0 0 ... 0 0 0]
CHEMBL3675330,COc1ccccc1C(CNC(C)=O)Nc1ncnc2c(C(N)=O)cccc12,8.721246399047171,1.0,[0 1 0 ... 0 0 0]
CHEMBL3680591,C[C@@H](Nc1ncnc2c(C(N)=O)cccc12)c1cccc(Nc2ccc(C(F)(F)F)cn2)c1,8.698970004336019,1.0,[0 1 0 ... 0 0 0]
CHEMBL2029914,CN1CCN(C(=O)c2cc(Nc3ncc4cc(-c5cnn(Cc6ccccc6)c5)n(C5CCCC5)c4n3)cn2C)CC1,8.698970004336019,1.0,[0 0 0 ... 0 1 0]
CHEMBL1084079,Cc1cc(CN2CCN(c3c(Br)cnc4[nH]c(-c5ccc(CN6CCOCC6)cc5)nc34)CC2)no1,8.698970004336019,1.0,[0 0 0 ... 0 0 0]
CHEMBL2170429,O=C(O)c1ccc(Nc2nccc(Nc3ccc(F)cc3Cl)n2)cc1,8.698970004336019,1.0,[0 0 0 ... 0 0 0]
CHEMBL3675380,C[C@@H](Nc1ncnc2c(C(N)=O)cccc12)c1ccccc1,8.698970004336019,1.0,[0 1 0 ... 0 0 0]
CHEMBL5083023,CCOc1cc2ncnc(NCc3ccc(NC(=O)Nc4cccc(Cl)c4)cc3)c2cc1F,8.698970004336019,1.0,[0 0 0 ... 0 0 0]
CHEMBL3680592,CNCc1cc(C(N)=O)c2ncnc(NCc3cccc(NC(=O)c4ccc(OC)cc4)c3)c2c1,8.698970004336019,1.0,[0 0 0 ... 0 0 0]
CHEMBL2012406,C[C@@H]1CCCN1C(=O)c1cc(Nc2ncc3cnn([C@@H]4C[C@H]5C[C@H]5C4)c3n2)cn1C,8.698970004336019,1.0,[0 0 0 ... 0 0 0]
CHEMBL3948611,NC(=O)[C@]1(Cc2cncc(Nc3cc[nH]n3)n2)CC[C@@H](Oc2cccc(Cl)c2F)CC1,8.698970004336019,1.0,[0 0 0 ... 0 0 0]
CHEMBL3393470,COC(=O)c1[nH]cc2c1NC1=C(C(=O)CCC1)C2c1ccc(Sc2nc3ccccc3[nH]2)o1,8.698970004336019,1.0,[0 0 0 ... 0 0 0]
CHEMBL2163394,Cc1cc(Nc2nc(Sc3ccc(NC(=O)CN4CC[C@@H](C(=O)NC5CCCC5)C4)cc3)nn3cccc23)n[nH]1,8.698970004336019,1.0,[0 0 0 ... 1 0 0]
CHEMBL2029908,CN1CCN(C(=O)c2cc(Nc3ncc4cc(-c5cnco5)n(C5CCCC5)c4n3)cn2C)CC1,8.698970004336019,1.0,[0 0 0 ... 0 1 0]
CHEMBL2029909,CN1CCN(C(=O)c2cc(Nc3ncc4cc(-c5cnn(C)c5)n(C5CCCC5)c4n3)cn2C)CC1,8.698970004336019,1.0,[0 0 0 ... 0 1 0]
CHEMBL2029910,CN1CCN(C(=O)c2cc(Nc3ncc4cc(-c5cncn5C)n(C5CCCC5)c4n3)cn2C)CC1,8.698970004336019,1.0,[0 0 0 ... 0 1 0]
CHEMBL2029911,Cc1c(-c2cc3cnc(Nc4cc(C(=O)N5CCN(C)CC5)n(C)c4)nc3n2C2CCCC2)cnn1C,8.698970004336019,1.0,[0 0 0 ... 0 1 0]
CHEMBL2029912,CC(C)CCn1cc(-c2cc3cnc(Nc4cc(C(=O)N5CCN(C)CC5)n(C)c4)nc3n2C2CCCC2)cn1,8.698970004336019,1.0,[0 1 0 ... 0 1 0]
CHEMBL3680593,C[C@@H](Nc1ncnc2c(C(N)=O)cccc12)c1cccc(NC(=O)Oc2ccccc2)c1,8.67778070526608,1.0,[0 1 0 ... 0 0 0]
CHEMBL3904942,CN1C(=O)c2ccccc2N(C)c2nc(Nc3cccc(S(N)(=O)=O)c3)ncc21,8.67778070526608,1.0,[0 0 0 ... 0 0 0]
CHEMBL3680594,Cn1cc(C(=O)Nc2cccc(CNc3ncnc4c(C(N)=O)cccc34)c2)c2ccccc21,8.67778070526608,1.0,[0 0 0 ... 0 0 0]
CHEMBL2170435,O=C(O)c1ccc(Nc2nccc(Nc3ccccc3Br)n2)cc1,8.67778070526608,1.0,[0 0 0 ... 0 0 0]
CHEMBL3670454,Cc1cccc(NC(=O)Nc2cccc(CNc3ncnc4c(C(N)=O)cccc34)c2)c1,8.67778070526608,1.0,[0 0 0 ... 0 0 0]
CHEMBL3639742,NC(=O)c1cccc2c(NCc3ccc(F)cc3F)ncnc12,8.657577319177793,1.0,[0 0 0 ... 0 0 0]
CHEMBL3680596,N#CCc1ccnc(Nc2cccc(CNc3ncnc4c(C(N)=O)cccc34)c2)c1,8.638272163982407,1.0,[0 0 0 ... 0 0 0]
CHEMBL3680597,NC(=O)c1cccc2c(NCc3cccc(Nc4nc5ccccc5s4)c3)ncnc12,8.638272163982407,1.0,[0 0 0 ... 0 0 0]
CHEMBL3680468,NC(=O)c1cc(O)cc2c(NCc3cccc(NC(=O)c4ccnc(N5CCCC5)c4)c3)ncnc12,8.638272163982407,1.0,[0 0 0 ... 0 0 0]
CHEMBL3639794,COc1ccc2nc(Nc3cccc(CNc4ncnc5c(C(N)=O)cccc45)c3)sc2c1,8.638272163982407,1.0,[0 0 0 ... 0 1 0]
CHEMBL3680595,C[C@@H](Nc1ncnc2c(C(N)=O)cccc12)c1cccc(Nc2ncc(C(F)(F)F)cc2Cl)c1,8.638272163982407,1.0,[0 1 0 ... 0 0 0]
CHEMBL3675503,CN1CCN(c2ccc(C(=O)Nc3cccc(CNc4ncnc5c(C(N)=O)cccc45)c3)cn2)CC1,8.638272163982407,1.0,[0 0 0 ... 0 0 0]
CHEMBL3675445,CN(C)CCC(Nc1ncnc2c(C(N)=O)cccc12)c1cccc(NC(=O)c2ccc(F)cc2F)c1,8.638272163982407,1.0,[0 1 0 ... 0 0 0]
CHEMBL3680598,NC(=O)c1cccc2c(NC(CCN3CCCC3)c3cccc(NC(=O)C4CC4(F)F)c3)ncnc12,8.619788758288394,1.0,[0 1 0 ... 0 0 0]
CHEMBL3685300,COc1ccc(C(=O)Nc2cccc(C(C)Nc3ncnc4c(C(N)=O)cc(C)cc34)c2)cc1F,8.619788758288394,1.0,[0 1 0 ... 0 0 0]
CHEMBL3680600,CC(CC(F)(F)F)C(=O)Nc1cccc([C@@H](C)Nc2ncnc3c(C(N)=O)cccc23)c1,8.602059991327963,1.0,[0 1 0 ... 0 0 0]
CHEMBL3891605,CNC(=O)[C@]1(Cc2cccc(Nc3cc[nH]n3)n2)CC[C@@H](Oc2cccc(Cl)c2F)CC1,8.602059991327963,1.0,[0 0 0 ... 0 0 0]
CHEMBL3680599,CCC(Nc1ncnc2c(C(N)=O)cccc12)c1cccc(NC(=O)C2CC2(F)F)c1,8.602059991327963,1.0,[0 1 0 ... 0 0 0]
CHEMBL3670424,COc1ccccc1NC(=O)Nc1cccc(CNc2ncnc3c(C(N)=O)cccc23)c1,8.585026652029182,1.0,[0 0 0 ... 0 0 0]
CHEMBL3670472,NC(=O)c1cccc2c(NCc3cccc(NC(=O)Cc4ccccc4)c3)ncnc12,8.585026652029182,1.0,[0 0 0 ... 0 0 0]
CHEMBL3680601,CC(Nc1ncnc2c(C(N)=O)cccc12)c1cccc(NC(=O)c2ccc(=O)[nH]c2)c1,8.568636235841012,1.0,[0 1 0 ... 0 0 0]
CHEMBL516003,O=C(Nc1ccccc1F)Nc1c[nH]nc1-c1nc2cc(CN3CCOCC3)ccc2[nH]1,8.55284196865778,1.0,[0 0 0 ... 0 0 0]
CHEMBL3685265,COc1ccc(C(=O)Nc2ccc(F)c(CNc3ncnc4c(C(N)=O)cccc34)c2)cc1,8.537602002101044,1.0,[0 0 0 ... 0 0 0]
CHEMBL3680421,CCn1nc(C(F)(F)F)cc1C(=O)Nc1cccc(C(C)Nc2ncnc3c(C(N)=O)cccc23)c1,8.537602002101044,1.0,[0 1 0 ... 0 0 0]
CHEMBL1086583,Cc1cc(CN2CCN(c3c(Br)cnc4[nH]c(N5CCN(Cn6cccn6)CC5)nc34)CC2)no1,8.522878745280337,1.0,[0 0 0 ... 0 0 0]
CHEMBL1085848,O=C(CN1CCN(c2c(Cl)cnc3[nH]c(-c4ccc(CN5CCOCC5)cc4)nc23)CC1)Nc1nccs1,8.522878745280337,1.0,[0 0 0 ... 1 0 0]
CHEMBL3393472,CCOC(=O)c1[nH]cc2c1NC1=C(C(=O)CNC1)C2c1ccc(Sc2nc3ccccc3[nH]2)o1.Cl.O,8.522878745280337,1.0,[0 0 0 ... 0 0 0]
CHEMBL495727,O=C(Nc1c[nH]nc1-c1nc2ccc(CN3CCOCC3)cc2[nH]1)NC1CC1,8.522878745280337,1.0,[0 0 0 ... 0 0 0]
CHEMBL3663737,CCc1[nH]cc2c1NC1=C(C(=O)CC(C)(C)C1)C2c1cccc(Oc2nc3ccccc3[nH]2)c1,8.522878745280337,1.0,[0 0 0 ... 0 0 0]
CHEMBL1651458,Cc1cc(CN2CCN(c3c(Cl)cnc4[nH]c(-c5ccc(Cn6cccn6)cc5)nc34)CC2)no1,8.522878745280337,1.0,[0 0 0 ... 1 0 0]
CHEMBL2022968,CN1CCN(Cc2ccc(Nc3ncc(Cl)c(Nc4ccccc4S(=O)(=O)N(C)C)n3)cc2)CC1,8.522878745280337,1.0,[0 0 0 ... 0 0 0]
CHEMBL3685254,NC(=O)c1cccc2c(NCc3cccc(NC(=O)C4CCCNC4)c3)ncnc12,8.522878745280337,1.0,[0 0 0 ... 0 0 0]
CHEMBL2012412,Cn1cc(Nc2ncc3cnn([C@@H]4C[C@H]5C[C@H]5C4)c3n2)cc1C(=O)N1CCC[C@H]1CN1CCOCC1,8.522878745280337,1.0,[0 0 0 ... 0 0 0]
CHEMBL3680602,CC(Nc1ncnc2c(C(N)=O)cccc12)c1cccc(NC(=O)CC(F)(F)F)c1,8.508638306165727,1.0,[0 1 0 ... 0 0 0]
CHEMBL3545085,CC(C)c1cc(CNc2nc(Nc3cc(C4CC4)[nH]n3)cc(N3CCN(C)CC3)n2)on1,8.508638306165727,1.0,[0 1 0 ... 0 0 0]
CHEMBL3685268,CC(Nc1ncnc2c(C(N)=O)cccc12)c1cccc(NC(=O)c2ccc(CN(C)C)cc2)c1,8.508638306165727,1.0,[0 1 0 ... 0 0 0]
CHEMBL2170416,Clc1ccccc1Nc1ccnc(Nc2ccc(-c3nnn[nH]3)cc2)n1,8.508638306165727,1.0,[0 1 0 ... 0 0 0]
CHEMBL3680438,Cc1cnc(C(=O)Nc2cccc([C@@H](C)Nc3ncnc4c(C(N)=O)cccc34)c2)cn1,8.508638306165727,1.0,[0 1 0 ... 0 0 0]
CHEMBL2170424,O=C(O)c1ccc(Nc2ncc(Cl)c(Nc3ccccc3C(=O)O)n2)cc1,8.498940737782249,1.0,[0 0 0 ... 0 0 0]
CHEMBL3685253,COc1ccc(C(=O)Nc2cccc(CN(C)c3ncnc4c(C(N)=O)cccc34)c2)cc1,8.481486060122112,1.0,[0 0 0 ... 0 0 0]
CHEMBL2170436,O=C(O)Cc1ccc(Nc2nccc(Nc3ccccc3Cl)n2)cc1,8.481486060122112,1.0,[0 1 0 ... 0 0 0]
CHEMBL3680517,NC(=O)c1cccc2c(NCc3cccc(NC(=O)c4c[nH]c5ccccc45)c3)ncnc12,8.468521082957745,1.0,[0 0 0 ... 0 0 0]
CHEMBL3680492,CN1CCN(c2ccc(C(=O)Nc3cccc(CNc4nncc5c(C(N)=O)cccc45)c3)cc2C(F)(F)F)CC1,8.468521082957745,1.0,[0 0 0 ... 0 0 0]
CHEMBL3680603,Cc1ccc2ccnc(Nc3cccc(CNc4ncnc5c(C(N)=O)cccc45)c3)c2c1,8.455931955649724,1.0,[0 0 0 ... 0 0 0]
CHEMBL496569,O=C(Nc1c[nH]nc1-c1nc2cc(CN3CCOCC3)ccc2[nH]1)c1ccccc1,8.455931955649724,1.0,[0 0 0 ... 0 0 0]
CHEMBL3680399,Cc1cnc(C(=O)Nc2cccc(C(C)Nc3ncnc4c(C(N)=O)cccc34)c2)cn1,8.443697499232712,1.0,[0 1 0 ... 0 0 0]
CHEMBL3891886,O=C(Nc1cccc(C(CCN2CCCC2)NC2=N/C=N\C=C/CC/C=C\2)c1)C1=C(F)C=CCC1F,8.443697499232712,1.0,[0 1 0 ... 0 0 0]
CHEMBL3680604,NC(=O)c1cccc2c(NCc3cccc(Nc4ccc(C(F)(F)F)cn4)c3)ncnc12,8.443697499232712,1.0,[0 0 0 ... 0 0 0]
CHEMBL2170427,O=C(O)c1ccc(Nc2nccc(Nc3ccccc3F)n2)cc1,8.431798275933005,1.0,[0 0 0 ... 0 0 0]
CHEMBL1213111,COc1ccccc1CCNc1nc(Nc2ccc3ncccc3c2)nc(NC(Cc2c[nH]c3ncccc23)C(N)=O)n1,8.431798275933005,1.0,[0 1 0 ... 0 0 0]
CHEMBL482779,CCC(=O)Nc1ccc(Sc2nc(Nc3cc(C)[nH]n3)cc(N3CCNCC3)n2)cc1,8.431798275933005,1.0,[0 0 0 ... 0 0 0]
CHEMBL1213108,CCCCN(C)c1nc(NCCc2ccccc2OC)nc(NC(Cc2c[nH]c3ncccc23)C(N)=O)n1,8.42021640338319,1.0,[0 1 0 ... 0 0 0]
CHEMBL2170602,O=C(O)c1ccc(Nc2ncc(F)c(Nc3ccccc3C(=O)O)n2)cc1,8.4089353929735,1.0,[0 0 0 ... 0 0 0]
CHEMBL3675505,NC(=O)c1cccc2c(NC(CCN3CCCC3)c3cccc(NC(=O)c4ccc(F)cc4F)c3)ncnc12,8.4089353929735,1.0,[0 1 0 ... 0 0 0]
CHEMBL3675504,CN(C)CCC(Nc1ncnc2c(C(N)=O)cccc12)C1=CCCC(NC(=O)c2cccc(F)c2F)=C1,8.4089353929735,1.0,[0 1 0 ... 0 0 0]
CHEMBL3675379,NC(=O)c1cccc2c(NCc3cccc(C(F)(F)F)c3)ccnc12,8.4089353929735,1.0,[0 0 0 ... 0 0 0]
CHEMBL2170431,COc1ccccc1Nc1ccnc(Nc2ccc(C(=O)O)cc2)n1,8.397940008672037,1.0,[0 0 0 ... 0 0 0]
CHEMBL3663741,CCOC(=O)c1[nH]cc2c1NC1=C(C(=O)CCC1)[C@@H]2c1ccc(Sc2nc3ccccc3[nH]2)o1,8.397940008672037,1.0,[0 0 0 ... 0 0 0]
CHEMBL2012411,COC[C@@H]1CCCN1C(=O)c1cc(Nc2ncc3cnn([C@@H]4C[C@H]5C[C@H]5C4)c3n2)cn1C,8.397940008672037,1.0,[0 0 0 ... 0 0 0]
CHEMBL3685285,CC(Nc1ncnc2c(C(N)=O)cccc12)c1cccc(NC(=O)c2ccc(CN3CCCC3)cc2)c1,8.397940008672037,1.0,[0 1 0 ... 0 0 0]
CHEMBL3393469,CCOC(=O)c1[nH]cc2c1NC1=C(C(=O)CCC1)C2c1ccc(Sc2nc3ccccc3[nH]2)o1,8.397940008672037,1.0,[0 0 0 ... 0 0 0]
CHEMBL3087777,CC(=O)N[C@@H]1CCN(c2c(Cl)cnc3[nH]c(-c4cn(C)nc4C)nc23)C1,8.397940008672037,1.0,[0 0 0 ... 1 0 0]
CHEMBL3393474,CCOC(=O)c1[nH]cc2c1NC1=C(C(=O)CCC1)C2c1ccc(Sc2nc3cccc(F)c3[nH]2)o1,8.397940008672037,1.0,[0 0 0 ... 0 0 0]
CHEMBL1082291,COc1ccc(-c2nc3c(N4CCN(Cc5cscn5)CC4)c(Br)cnc3[nH]2)cc1,8.397940008672037,1.0,[0 0 0 ... 0 0 0]
CHEMBL3917073,Cn1cc(Nc2ncc(Cl)c(NC3CC4CN(S(C)(=O)=O)CC4C3)n2)cn1,8.397940008672037,1.0,[0 0 0 ... 0 0 0]
CHEMBL2203764,Cc1cc(CN2CCN(c3c(Cl)cnc4[nH]c(-c5cn(C)nc5C5CC5)nc34)CC2)no1,8.397940008672037,1.0,[0 0 0 ... 1 0 0]
CHEMBL458997,CNC(=O)c1ccccc1Nc1nc(Nc2ccc(N3CCOCC3)cc2OC)ncc1Cl,8.397940008672037,1.0,[0 0 0 ... 0 0 0]
CHEMBL2012409,Cn1cc(Nc2ncc3cnn([C@@H]4C[C@H]5C[C@H]5C4)c3n2)cc1C(=O)N1CCC[C@H]1CO,8.397940008672037,1.0,[0 0 0 ... 0 0 0]
CHEMBL3680607,CCN1CCC(C(=O)Nc2cccc([C@@H](C)Nc3ncnc4c(C(N)=O)cccc34)c2)C1,8.3767507096021,1.0,[0 1 0 ... 1 0 0]
CHEMBL3680605,NC(=O)c1cccc2c(Nc3cccc(CNC(=O)c4ccc(C(F)(F)F)cc4)c3)ncnc12,8.3767507096021,1.0,[0 0 0 ... 0 0 0]
CHEMBL3680497,NC(=O)c1cccc2c(NCc3cccc(NC(=O)c4ccnc(NCCO)c4)c3)ncnc12,8.356547323513812,1.0,[0 0 0 ... 0 0 0]
CHEMBL3675533,NC(=O)c1cccc2c(NCc3cccc(NC(=O)c4cncc(N5CCOCC5)c4)c3)ncnc12,8.356547323513812,1.0,[0 0 0 ... 0 0 0]
CHEMBL3639793,C[C@@H](Nc1ncnc2c(C(N)=O)cccc12)c1cccc(NC(=O)c2ccc(CN3CCCC3)cc2)c1,8.356547323513812,1.0,[0 1 0 ... 0 0 0]
CHEMBL2170589,O=C(O)c1cccc(Nc2ncc(F)c(Nc3ccccc3Cl)n2)c1,8.346787486224656,1.0,[0 1 0 ... 0 0 0]
CHEMBL3670453,NC(=O)c1cccc2c(NCc3cccc(NC(=O)Nc4ccccc4C(F)(F)F)c3)ncnc12,8.327902142064282,1.0,[0 0 0 ... 0 0 0]
CHEMBL3685239,CCN(CC)CCOc1cc(C(N)=O)c2ncnc(NCc3cccc(NC(=O)c4ccc(OC)cc4)c3)c2c1,8.318758762624412,1.0,[0 0 0 ... 0 0 0]
CHEMBL1673047,CN1C(=O)c2ccccc2N(C)c2nc(Nc3ccc(S(N)(=O)=O)cc3)ncc21,8.318758762624412,1.0,[0 0 0 ... 0 0 0]
CHEMBL3675418,CN(C)CC(Nc1ncnc2c(C(N)=O)cccc12)c1cccc(NC(=O)c2ccnc(N(C)C)c2)c1,8.309803919971486,1.0,[0 1 0 ... 0 0 0]
CHEMBL1084858,Brc1cnc2[nH]c(-c3ccc(CN4CCOCC4)cc3)nc2c1N1CCN(Cc2cccnc2)CC1,8.301029995663981,1.0,[0 0 1 ... 0 0 0]
CHEMBL4279747,CNC(=O)Nc1sc2c(C(C)C)cc(NS(=O)(=O)c3ccn(C)n3)cc2c1C(N)=O,8.301029995663981,1.0,[0 1 0 ... 0 0 0]
CHEMBL3087779,Cc1nn(C)cc1-c1nc2c(N3CCC[C@H](CNS(C)(=O)=O)C3)c(Cl)cnc2[nH]1,8.301029995663981,1.0,[0 0 0 ... 1 0 0]
CHEMBL1258912,C[C@@H](NC(=O)c1cc2[nH]nc(NC(=O)c3ccc(N4CCOCC4)cc3)c2s1)c1ccccc1,8.301029995663981,1.0,[0 1 0 ... 0 0 0]
CHEMBL3680505,COc1ccc(C(=O)Nc2cccc(C(CCN(C)C)Nc3ncnc4c(C(N)=O)cccc34)c2)cc1F,8.301029995663981,1.0,[0 1 0 ... 0 0 0]
CHEMBL3087781,Cc1nn(C)cc1-c1nc2c(N3CCC[C@H](CN(C)S(C)(=O)=O)C3)c(Cl)cnc2[nH]1,8.301029995663981,1.0,[0 0 0 ... 1 0 0]
CHEMBL1825090,CS(=O)(=O)N(CCCN1CCOCC1)c1ccc(Nc2ncc3cnn(C4CCCCCC4)c3n2)cc1,8.301029995663981,1.0,[0 0 1 ... 0 0 0]
CHEMBL1825092,CC(C)N(c1ccc(Nc2ncc3cnn(C4CCCCCC4)c3n2)cc1)S(C)(=O)=O,8.301029995663981,1.0,[0 1 1 ... 0 0 0]
CHEMBL1651453,Brc1cnc2[nH]c(-c3ccc(CN4CCOCC4)cc3)nc2c1N1CCN(Cc2ccncc2)CC1,8.301029995663981,1.0,[0 0 0 ... 0 0 0]
CHEMBL3680411,COCCN(C)c1cc(C(=O)Nc2cccc(CNc3ncnc4c(C(N)=O)cccc34)c2)ccn1,8.301029995663981,1.0,[0 0 0 ... 0 0 0]
CHEMBL2029913,CN1CCN(C(=O)c2cc(Nc3ncc4cc(-c5ccnn5C)n(C5CCCC5)c4n3)cn2C)CC1,8.301029995663981,1.0,[0 0 0 ... 0 1 0]
CHEMBL3237167,Cc1cc(Nc2cc(N3CCN(C)CC3)nc(Nc3ccc(S(N)(=O)=O)cc3)n2)n[nH]1,8.301029995663981,1.0,[0 0 0 ... 0 0 0]
CHEMBL192928,CC(C)(C)c1ccc(C(=O)Nc2[nH]nc3c2CN(C(=O)Cc2ccsc2)C3)cc1,8.301029995663981,1.0,[0 0 0 ... 0 0 0]
CHEMBL484007,CC(C)(C)c1ccc(C(=O)Nc2n[nH]c3c2CN(C(=O)Cc2cccs2)C3)cc1,8.301029995663981,1.0,[0 0 0 ... 0 0 0]
CHEMBL3680424,NC(=O)c1cccc2c(NCc3cccc(NC(=O)c4cccc(OCCO)c4)c3)ncnc12,8.301029995663981,1.0,[0 0 0 ... 0 0 0]
CHEMBL3680457,Cn1cnc2c(Nc3cccc(CNc4ncnc5c(C(N)=O)cccc45)c3)nccc21,8.292429823902063,1.0,[0 0 0 ... 0 0 0]
CHEMBL2170422,O=C(O)c1cccc(Nc2ncc(F)c(Nc3ccccc3C(=O)O)n2)c1,8.292429823902063,1.0,[0 0 0 ... 0 0 0]
CHEMBL1213153,CNc1nc(NCCc2ccccc2OC)nc(Nc2ccc3ncccc3c2)n1,8.292429823902063,1.0,[0 0 0 ... 0 0 0]
CHEMBL2170592,O=C(O)c1ccc(Nc2nccc(Nc3ccccc3C(=O)O)n2)cc1,8.292429823902063,1.0,[0 0 0 ... 0 0 0]
CHEMBL3685279,COc1cccc(OC)c1C(=O)Nc1cccc(CNc2ncnc3c(C(N)=O)cccc23)c1,8.267606240177031,1.0,[0 0 0 ... 0 0 0]
CHEMBL5278077,NC(=O)c1ccc(Nc2ncc(F)c(Nc3ccccc3)n2)cc1,8.267606240177031,1.0,[0 0 0 ... 0 0 0]
CHEMBL3685200,NC(=O)c1cccc2c(NCC3C=C(NC(=O)c4ccncc4)C=CC3)ncnc12,8.259637310505756,1.0,[0 0 0 ... 0 0 0]
CHEMBL3680458,CN(C)CCC(Nc1ncnc2c(C(N)=O)cccc12)c1cccc(NC(=O)c2cc(F)ccc2F)c1,8.259637310505756,1.0,[0 1 0 ... 0 0 0]
CHEMBL1483261,c1ccc(-c2csc3ncnc(N4CCc5ccccc5C4)c23)cc1,8.25500332596144,1.0,[0 0 0 ... 0 0 0]
CHEMBL496754,O=C(Nc1c[nH]nc1-c1nc2cc(CN3CCOCC3)ccc2[nH]1)NC1CCCCC1,8.244125144327509,1.0,[0 0 1 ... 0 0 0]
CHEMBL3680534,CC(C)OC(=O)N(C)CC(Nc1ncnc2c1=CCCC=2C(N)=O)c1cccc(NC(=O)c2ccc(Br)cc2)c1,8.229884705212898,1.0,[0 1 0 ... 0 0 0]
CHEMBL3685289,COc1ccc(C(=O)Nc2cccc(C(CCN3CCC3)Nc3ncnc4c(C(N)=O)cccc34)c2)cc1,8.229147988357855,1.0,[0 1 0 ... 0 0 0]
CHEMBL522891,O=C(Nc1c[nH]nc1-c1nc2ccccc2[nH]1)c1ccccc1,8.229147988357855,1.0,[0 0 0 ... 0 0 0]
CHEMBL385872,CN1CCN(c2ccc(C(=O)Nc3n[nH]c4c3CN(C(=O)[C@H](O)c3ccccc3)C4)cc2)CC1,8.221848749616356,1.0,[0 1 0 ... 0 0 0]
CHEMBL2207499,Cc1nn(C)cc1-c1nc2c(N3CCN(Cc4nonc4C)CC3)c(Cl)cnc2[nH]1,8.221848749616356,1.0,[0 0 0 ... 1 0 0]
CHEMBL5081247,CCOc1cc2ncnc(NCCc3ccc(NC(=O)Nc4cccc(F)c4)cc3)c2cc1F,8.221848749616356,1.0,[0 0 0 ... 0 0 0]
CHEMBL1257296,C[C@@H](NC(=O)c1cc2[nH]nc(NC(=O)c3ccc(N4CCN(C)CC4)cc3)c2s1)c1ccccc1,8.221848749616356,1.0,[0 1 0 ... 0 0 0]
CHEMBL1084860,Brc1cnc2[nH]c(-c3ccc(CN4CCOCC4)cc3)nc2c1N1CCN(Cc2cncnc2)CC1,8.221848749616356,1.0,[0 0 0 ... 0 0 0]
CHEMBL4287422,Cc1cc(Nc2nc(-c3ccccc3)nc3cc(N4CCC(C(=O)O)CC4)ccc23)n[nH]1,8.221848749616356,1.0,[0 0 0 ... 0 0 0]
CHEMBL3663733,CCc1[nH]cc2c1NC1=C(C(=O)CCC1)C2c1cccc(Oc2nc3ccccc3[nH]2)c1,8.221848749616356,1.0,[0 0 0 ... 0 0 0]
CHEMBL1082492,Brc1cnc2[nH]c(-c3ccc(CN4CCOCC4)cc3)nc2c1N1CCN(Cc2cscn2)CC1,8.221848749616356,1.0,[0 0 0 ... 0 0 0]
CHEMBL4218175,CNc1ncc2c(-c3ccc(N4CCN(C)CC4)cc3)nn(CC3CCCC3)c2n1,8.221848749616356,1.0,[0 0 0 ... 0 0 0]
CHEMBL2012408,Cn1cc(Nc2ncc3cnn([C@@H]4C[C@H]5C[C@H]5C4)c3n2)cc1C(=O)N1CCC[C@H]1C(N)=O,8.221848749616356,1.0,[0 0 0 ... 0 0 0]
CHEMBL1825091,CS(=O)(=O)N(CCCO)c1ccc(Nc2ncc3cnn(C4CCCCCC4)c3n2)cc1,8.221848749616356,1.0,[0 0 1 ... 0 0 0]
CHEMBL1801109,CS(=O)(=O)N1CCC(c2cc(Nc3nccn4c(-c5cn[nH]c5)cnc34)sn2)CC1,8.221848749616356,1.0,[0 0 0 ... 0 0 0]
CHEMBL3685201,C[C@@H](Nc1ncnc2c(C(N)=O)cccc12)c1cccc(Nc2ccc(CN3CCOCC3)cn2)c1,8.207608310501746,1.0,[0 1 1 ... 0 0 0]
CHEMBL3670498,CN(C)c1cccc(C(=O)Nc2cccc(CNc3ncnc4c(C(N)=O)cccc34)c2)n1,8.200659450546418,1.0,[0 0 0 ... 0 0 0]
CHEMBL1213110,COc1ccccc1CCNc1nc(NC(Cc2c[nH]c3ncccc23)C(N)=O)nc(N(C)[C@@H](C)c2ccccc2)n1,8.200659450546418,1.0,[0 1 0 ... 0 0 0]
CHEMBL4175359,Cc1cc(Nc2cc(N3CCOCC3)nc(Nc3ccc(F)c(Cl)c3)n2)n[nH]1,8.200659450546418,1.0,[0 0 0 ... 0 0 0]
CHEMBL2170437,O=C(O)c1ccc(Nc2nccc(Nc3ccccc3Cl)n2)cc1O,8.18045606445813,1.0,[0 1 0 ... 0 0 0]
CHEMBL3670417,NC(=O)c1cccc2c(NCc3ccco3)ncnc12,8.18045606445813,1.0,[0 0 0 ... 0 0 0]
CHEMBL3685206,NC(=O)c1cccc2c(NCc3cccc(NC(=O)[C@@H]4CCCN4C(=O)C(F)(F)F)c3)ncnc12,8.154901959985743,1.0,[0 0 0 ... 0 0 0]
CHEMBL3087780,Cc1nn(C)cc1-c1nc2c(N3CCC[C@@H](CNS(C)(=O)=O)C3)c(Cl)cnc2[nH]1,8.154901959985743,1.0,[0 0 0 ... 1 0 0]
CHEMBL3685204,NC(=O)c1cccc2c(NCc3cccc(Nc4ncnc5nc[nH]c45)c3)ncnc12,8.154901959985743,1.0,[0 0 0 ... 0 0 0]
CHEMBL4168177,Cc1cc(Nc2cc(N3CCN(C)CC3)nc(Nc3ccc(F)c(Cl)c3)n2)n[nH]1,8.148741651280925,1.0,[0 0 0 ... 0 0 0]
CHEMBL3670416,COc1cc(CNc2cncc3c(C(N)=O)cccc23)cc(OC)c1,8.142667503568731,1.0,[0 0 0 ... 0 0 0]
CHEMBL3685270,CN1CCN(Cc2ccc(C(=O)Nc3cccc(CNc4ncnc5c(C(N)=O)cccc45)c3)cc2)CC1,8.136677139879545,1.0,[0 0 0 ... 0 0 0]
CHEMBL3680518,NC(=O)c1cccc2c(NCc3cccc(NC(=O)c4ccc(CN5CCCC5)cc4)c3)ncnc12,8.130768280269024,1.0,[0 0 0 ... 0 0 0]
CHEMBL2029901,CN1CCN(C(=O)c2cc(Nc3ncc4cc(C#N)n(C5CCCC5)c4n3)cn2C)CC1,8.1249387366083,1.0,[0 0 0 ... 0 1 0]
CHEMBL3680525,NC(=O)c1cccc2c(NCc3cccc(NC(=O)Nc4cccc(OCCN5CCOCC5)c4)c3)ncnc12,8.113509274827518,1.0,[0 0 0 ... 0 0 0]
CHEMBL3237169,COC(=O)c1ccc(Nc2nc(Nc3cc(C)[nH]n3)cc(N3CCN(C)CC3)n2)cc1Cl,8.113509274827518,1.0,[0 0 0 ... 0 0 1]
CHEMBL3685296,CN(C)CCOc1cc(C(N)=O)c2ncnc(NCc3cccc(NC(=O)c4ccnc(N5CCCC5)c4)c3)c2c1,8.10790539730952,1.0,[0 0 0 ... 0 0 0]
CHEMBL3685269,N#Cc1ccccc1C(=O)Nc1cccc(CNc2ncnc3c(C(N)=O)cccc23)c1,8.10790539730952,1.0,[0 0 0 ... 0 0 0]
CHEMBL3237166,Cc1cc(Nc2cc(N3CCN(C)CC3)nc(Nc3ccc(C#N)cc3)n2)n[nH]1,8.096910013008056,1.0,[0 0 0 ... 0 0 0]
CHEMBL2063467,Nc1ncnn2ccc(C(=O)Nc3ccc(NC(=O)Nc4ccsc4)cc3)c12,8.096910013008056,1.0,[0 0 0 ... 0 0 0]
CHEMBL1800086,Cc1cc(Nc2nc(-c3cccnc3)cn3c(-c4cn[nH]c4)cnc23)sn1,8.096910013008056,1.0,[0 0 0 ... 0 0 0]
CHEMBL3393484,CCOC(=O)c1[nH]cc2c1NC1=C(C(=O)CN(CC)C1)C2c1ccc(Sc2nc3ccccc3[nH]2)o1,8.096910013008056,1.0,[0 0 0 ... 0 0 0]
CHEMBL5093039,CCOc1cc2ncnc(NCc3ccc(NC(=O)Nc4ccccc4)cc3)c2cc1F,8.096910013008056,1.0,[0 0 0 ... 0 0 0]
CHEMBL1084859,COc1ccc(-c2nc3c(N4CCN(Cc5cncnc5)CC4)c(Br)cnc3[nH]2)cc1,8.096910013008056,1.0,[0 0 0 ... 0 0 0]
CHEMBL3675352,NC(=O)c1cccc2c(NCc3ccccc3C(F)(F)F)ncnc12,8.09151498112135,1.0,[0 0 0 ... 0 0 0]
CHEMBL3680433,CN(C)CC(Nc1ncnc2c(C(N)=O)cccc12)c1cccc(NCc2ccc(Br)cc2)c1,8.086186147616283,1.0,[0 1 0 ... 0 0 0]
CHEMBL3670478,NC(=O)c1cccc2c(NCc3cccc(NC(=O)Cc4ccc(Cl)cc4)c3)ncnc12,8.075720713938118,1.0,[0 0 0 ... 0 0 0]
CHEMBL3670465,NC(=O)c1cccc2c(NCc3cccc(NC(=O)N4CCCCC4)c3)ncnc12,8.075720713938118,1.0,[0 0 1 ... 0 0 0]
CHEMBL5083720,CCOc1cc2ncnc(NCCc3cnc(NC(=O)Nc4cccc(Cl)c4)s3)c2cc1F,8.075720713938118,1.0,[0 0 0 ... 0 0 0]
CHEMBL2170587,CN(c1ccnc(Nc2ccc(C(=O)O)cc2)n1)c1ccccc1Cl,8.070581074285707,1.0,[0 1 0 ... 0 0 0]
CHEMBL3685209,Cc1nc2ccnc(Nc3cccc(CNc4ncnc5c(C(N)=O)cccc45)c3)c2[nH]1,8.065501548756432,1.0,[0 0 0 ... 0 0 0]
CHEMBL3680487,CC(Nc1ncnc2c(C(N)=O)cccc12)c1cccc(NC(=O)c2ccc(N3CCN(C)CC3)cc2)c1,8.05551732784983,1.0,[0 1 0 ... 0 0 0]
CHEMBL2170597,O=C(O)c1ccc(Nc2nccc(Nc3ccccc3)n2)cc1,8.050609993355087,1.0,[0 0 0 ... 0 0 0]
CHEMBL1083801,COc1ccc(-c2nc3c(N4CCN(Cc5cccnc5)CC4)c(Br)cnc3[nH]2)cc1,8.045757490560675,1.0,[0 0 1 ... 0 0 0]
CHEMBL482767,O=C(Nc1cccc(Cl)c1)Nc1ncc(CCNc2ncnc3ccsc23)s1,8.045757490560675,1.0,[0 0 0 ... 0 0 0]
CHEMBL4277690,O=C(Nc1cccc(Cl)c1)NC1NC=C(CCNc2ncnc3sccc23)S1,8.045757490560675,1.0,[0 0 0 ... 0 0 1]
CHEMBL3087778,CC(=O)NC[C@@H]1CCN(c2c(Cl)cnc3[nH]c(-c4cn(C)nc4C)nc23)C1,8.045757490560675,1.0,[0 0 0 ... 1 0 0]
CHEMBL3685210,NC(=O)c1cccc2c(NCc3cccc(NC(=O)c4cnn5c4CNCC5)c3)ncnc12,8.045757490560675,1.0,[0 0 0 ... 0 0 0]
CHEMBL1230201,CC[C@@H](NC(=O)c1cc2[nH]nc(NC(=O)c3ccc(N4CCN(C)CC4)cc3)c2s1)c1ccccc1,8.045757490560675,1.0,[0 1 0 ... 0 0 0]
CHEMBL385266,CN1CCN(c2ccc(C(=O)Nc3n[nH]c4c3CN(C(=O)[C@H](F)c3ccccc3)C4)cc2)CC1,8.045757490560675,1.0,[0 1 0 ... 0 0 0]
CHEMBL4290876,CNC(=O)Nc1sc2c(C(C)C)cc(NS(=O)(=O)N(C)C)cc2c1C(N)=O,8.045757490560675,1.0,[0 1 0 ... 0 0 0]
CHEMBL513078,Cc1cccc(NC(=O)Nc2ncc(CCNc3ncnc4ccsc34)s2)c1,8.045757490560675,1.0,[0 0 0 ... 0 0 0]
CHEMBL4861838,COc1ccc2c(NCCc3cnc(NC(=O)Nc4cccc(Cl)c4)s3)ncnc2c1,8.045757490560675,1.0,[0 0 0 ... 0 0 0]
CHEMBL4867079,O=C(Nc1cccc(Cl)c1)Nc1ncc(CCNc2ncnc3cc(F)ccc23)s1,8.045757490560675,1.0,[0 0 0 ... 0 0 0]
CHEMBL1651451,COc1ccc(-c2nc3c(N4CCN(Cc5ccncc5)CC4)c(Br)cnc3[nH]2)cc1,8.045757490560675,1.0,[0 0 0 ... 0 0 0]
CHEMBL3685211,COc1ccc(C(=O)Nc2ccc(C)c(CNc3ncnc4c(C(N)=O)cccc34)c2)cc1,8.040958607678906,1.0,[0 0 0 ... 0 0 0]
CHEMBL5073918,COc1cc2ncnc(NCCc3cnc(NC(=O)Nc4ccccc4)s3)c2cc1OC,8.0,1.0,[0 0 0 ... 0 0 0]
CHEMBL3685263,CC(Nc1ncnc2c(C(N)=O)cccc12)c1cccc(NC(=O)c2ccc(O)c(F)c2)c1,8.0,1.0,[0 1 0 ... 0 0 0]
CHEMBL1257180,CCC(NC(=O)c1cc2[nH]nc(NC(=O)c3ccc(N4CCN(C)CC4)cc3)c2s1)c1ccccc1,8.0,1.0,[0 1 0 ... 0 0 0]
CHEMBL1086584,Cc1cc(CN2CCN(c3c(Cl)cnc4[nH]c(N5CCN(Cn6cccn6)CC5)nc34)CC2)no1,8.0,1.0,[0 0 0 ... 1 0 0]
CHEMBL1086582,Cc1cc(CN2CCN(c3c(Cl)cnc4[nH]c(N5CCN(C)CC5)nc34)CC2)no1,8.0,1.0,[0 0 0 ... 1 0 0]
CHEMBL522563,O=C(Nc1c[nH]nc1-c1nc2ccc(CN3CCOCC3)cc2[nH]1)c1ccc(F)cc1,8.0,1.0,[0 0 0 ... 0 0 0]
CHEMBL1084636,Cc1cc(CN2CCN(c3c(Br)cnc4[nH]c(N5CCNCC5)nc34)CC2)no1,8.0,1.0,[0 0 0 ... 0 0 0]
CHEMBL2012410,Cn1cc(Nc2ncc3cnn([C@@H]4C[C@H]5C[C@H]5C4)c3n2)cc1C(=O)N1CCC[C@H]1CN1CCCC1,8.0,1.0,[0 0 0 ... 0 0 0]
CHEMBL1082597,Cc1cc(CN2CCN(c3c(Br)cnc4[nH]c(-c5ccc(CN)cc5)nc34)CC2)no1,8.0,1.0,[0 0 0 ... 0 0 0]
CHEMBL3685238,CNc1cccc(C(=O)Nc2cccc(CNc3ncnc4c(C(N)=O)cccc34)c2)c1,8.0,1.0,[0 0 0 ... 0 0 0]
CHEMBL3237187,Cc1cc(Nc2cc(N3CCN(C)CC3)nc(Nc3cccc(Cl)c3)n2)n[nH]1,8.0,1.0,[0 0 0 ... 0 0 0]
CHEMBL1651457,Cc1cc(CN2CCN(c3c(Br)cnc4[nH]c(-c5ccc(Cn6cccn6)cc5)nc34)CC2)no1,8.0,1.0,[0 0 0 ... 0 0 0]
CHEMBL4292755,Cc1cc(Nc2nc(-c3ccccc3)nc3cc(N4CCN(C)CC4)ccc23)n[nH]1,8.0,1.0,[0 0 0 ... 0 0 0]
CHEMBL1085607,Cc1cc(CN2CCN(c3c(Br)cnc4[nH]c(-c5ccc(CN6CCNCC6)cc5)nc34)CC2)no1,8.0,1.0,[0 0 0 ... 0 0 0]
